-- player table
insert into player (player_id, player_name, age, position, country) VALUES
	(1,'David de Gea',25,'Goalkeeper','Spain'),
	(2,'Phil Jones',24,'Defender','England'),
	(3,'Marcos Rojo',27,'Defender','Argentina'),
	(4,'Chris Smalling',27,'Defender','England'),
	(5,'Daley Blind',28,'Defender','Netherlands'),
	(6,'Luke Shaw',21,'Defender','England'),
	(7,'Antonio Valencia',29,'Defender','Ecuador'),
	(8,'Matteo Darmian',24,'Defender','Italy'),
	(9,'Juan Mata',29,'Midfielder','Spain'),
	(10,'Michael Carrick',36,'Midfielder','England'),
	(11,'Ashley Young',30,'Midfielder','England'),
	(12,'Ander Herrera',26,'Midfielder','Spain'),
	(13,'Marouane Fellaini',28,'Midfielder','Belgium'),
	(14,'Morgan Schneiderlin',26,'Midfielder','France'),
	(15,'Jesse Lingard',22,'Midfielder','England'),
	(16,'Memphis Depay',23,'Forward','Netherlands'),
	(17,'Anthony Martial',20,'Forward','France'),
	(18,'Wayne Rooney',31,'Forward','England'),
	(19,'Marcus Rashford',19,'Forward','England'),
	(20,'Eric Bailly',23,'Defender','Cote DIvoire'),
	(21,'Zlatan Ibrahimovic',36,'Forward','Sweden'),
	(22,'Henrikh Mkhitaryan',26,'Midfielder','Armenia'),
	(23,'Paul Pogba',23,'Midfielder','France'),
	(24,'Bacary Sagna',27,'Defender','France'),
	(25,'Vincent Kompany',31,'Defender','Belgium'),
	(26,'Pablo Zabaleta',31,'Defender','Argentina'),
	(27,'Aleksandar Kolarov',30,'Defender','Serbia'),
	(28,'Gaël Clichy',29,'Defender','France'),
	(29,'Nicolás Otamendi',26,'Defender','Argentina'),
	(30,'Fernando',27,'Midfielder','Brazil'),
	(31,'Jesús Navas',25,'Midfielder','Spain'),
	(32,'Kevin De Bruyne',25,'Midfielder','Belgium'),
	(33,'David Silva',26,'Midfielder','Spain'),
	(34,'Fernandinho',27,'Midfielder','Brazil'),
	(35,'Yaya Touré',33,'Midfielder','Cote DIvoire'),
	(36,'Raheem Sterling',23,'Forward','England'),
	(37,'Sergio Agüero',27,'Forward','Argentina'),
	(38,'Kelechi Iheanacho',22,'Forward','Nigeria'),
	(39,'Ilkay Gündogan',25,'Midfielder','Germany'),
	(40,'Nolito',25,'Forward','Spain'),
	(41,'Leroy Sané',21,'Midfielder','Germany'),
	(42,'John Stones',21,'Defender','England'),
	(43,'Claudio Bravo',29,'Goalkeeper','Chile'),
	(44,'Peter Cech',34,'Goalkeeper','Czech Republic'),
	(45,'Kieran Gibbs',25,'Defender','England'),
	(46,'Per Mertesacker',31,'Defender','Germany'),
	(47,'Gabriel',26,'Defender','Brazil'),
	(48,'Laurent Koscielny',28,'Defender','France'),
	(49,'Nacho Monreal',28,'Defender','Spain'),
	(50,'Héctor Bellerín',27,'Defender','Spain'),
	(51,'Mesut Özil',27,'Midfielder','Germany'),
	(52,'Alex Oxlade-Chamberlain',23,'Midfielder','England'),
	(53,'Aaron Ramsey',26,'Midfielder','Wales'),
	(54,'Santiago Cazorla',30,'Midfielder','Spain'),
	(55,'Francis Coquelin',25,'Midfielder','France'),
	(56,'Olivier Giroud',28,'Forward','France'),
	(57,'Theo Walcott',27,'Forward','England'),
	(58,'Alexis Sánchez',28,'Forward','Chile'),
	(59,'Yaya Sanogo',24,'Forward','France'),
	(60,'Danny Welbeck',26,'Forward','England'),
	(61,'Shkodran Mustafi',27,'Defender','Germany'),
	(62,'Thibaut Courtois',25,'Goalkeeper','Belgium'),
	(63,'Branislav Ivanovic',30,'Defender','Serbia'),
	(64,'Kurt Zouma',28,'Defender','France'),
	(65,'Gary Cahill',32,'Defender','England'),
	(66,'John Terry',33,'Defender','England'),
	(67,'César Azpilicueta',25,'Defender','Spain'),
	(68,'Cesc Fàbregas',29,'Midfielder','Spain'),
	(69,'Oscar',25,'Midfielder','Brazil'),
	(70,'Eden Hazard',26,'Midfielder','Belgium'),
	(71,'John Obi Mikel',30,'Midfielder','Nigeria'),
	(72,'Nemanja Matic',28,'Midfielder','Serbia'),
	(73,'Willian',24,'Midfielder','Brazil'),
	(74,'Pedro',29,'Forward','Spain'),
	(75,'Diego Costa',29,'Forward','Spain'),
	(76,'Victor Moses',26,'Midfielder','Nigeria'),
	(77,'Michy Batshuayi',23,'Forward','Belgium'),
	(78,'Kanté',25,'Midfielder','France'),
	(79,'Marcos Alonso',23,'Defender','Spain'),
	(80,'David Luiz',29,'Defender','Brazil'),
	(81,'Simon Mignolet',28,'Goalkeeper','Belgium'),
	(82,'Nathaniel Clyne',23,'Defender','England'),
	(83,'Dejan Lovren',29,'Defender','Croatia'),
	(84,'Joseph Gomez',28,'Defender','England'),
	(85,'Mamadou Sakho',30,'Defender','France'),
	(86,'Alberto Moreno',27,'Defender','Spain'),
	(87,'James Milner',31,'Midfielder','England'),
	(88,'Philippe Coutinho',25,'Midfielder','Brazil'),
	(89,'Jordan Henderson',27,'Midfielder','England'),
	(90,'Adam Lallana',27,'Midfielder','England'),
	(91,'Lucas Leiva',26,'Midfielder','Brazil'),
	(92,'Emre Can',28,'Midfielder','Germany'),
	(93,'Roberto Firmino',24,'Forward','Brazil'),
	(94,'Daniel Sturridge',25,'Forward','England'),
	(95,'Divock Origi',23,'Forward','Belgium'),
	(96,'Danny Ings',24,'Forward','England'),
	(97,'Joel Matip',27,'Defender','Cameroon'),
	(98,'Sadio Mané',24,'Midfielder','Senegal'),
	(99,'Hugo Lloris',28,'Goalkeeper','France'),
	(100,'Kyle Walker',29,'Defender','England'),
	(101,'Danny Rose',28,'Defender','England'),
	(102,'Toby Alderweireld',29,'Defender','Belgium'),
	(103,'Jan Vertonghen',29,'Defender','Belgium'),
	(104,'Son Heung-Min',23,'Midfielder','South Korea'),
	(105,'Erik Lamela',24,'Midfielder','Argentina'),
	(106,'Eric Dier',22,'Midfielder','England'),
	(107,'Mousa Dembélé',27,'Midfielder','Belgium'),
	(108,'Dele Alli',23,'Midfielder','England'),
	(109,'Christian Eriksen',25,'Midfielder','Denmark'),
	(110,'Harry Kane',22,'Forward','England'),
	(111,'Victor Wanyama',26,'Midfielder','Kenya'),
	(112,'Josh Onomah',25,'Midfielder','England'),
	(113,'Moussa Sissoko',30,'Midfielder','France'),
	(114,'Kasper Schmeichel',28,'Goalkeeper','Denmark'),
	(115,'Wes Morgan',31,'Defender','Jamaica'),
	(116,'Danny Simpson',29,'Defender','England'),
	(117,'Christian Fuchs',28,'Defender','Austria'),
	(118,'Daniel Drinkwater',25,'Midfielder','England'),
	(119,'Daniel Amartey',24,'Midfielder','Ghana'),
	(120,'Riyad Mahrez',24,'Midfielder','Algeria'),
	(121,'Jamie Vardy',30,'Forward','England'),
	(122,'Shinji Okazaki',27,'Forward','Japan'),
	(123,'Leonardo Ulloa',28,'Forward','Argentina'),
	(124,'Nampalys Mendy',26,'Midfielder','France'),
	(125,'Ahmed Musa',27,'Forward','Nigeria'),
	(126,'Robert Huth',32,'Defender','Germany'),
	(127,'Joel Robles',24,'Goalkeeper','Spain'),
	(128,'Leighton Baines',30,'Defender','England'),
	(129,'Phil Jagielka',33,'Defender','England'),
	(130,'Seamus Coleman',31,'Defender','Ireland'),
	(131,'Ramiro Funes Mori',30,'Defender','Argentina'),
	(132,'Darron Gibson',30,'Midfielder','Ireland'),
	(133,'Tom Cleverley',26,'Midfielder','England'),
	(134,'Gareth Barry',30,'Midfielder','England'),
	(135,'Ross Barkley',26,'Midfielder','England'),
	(136,'Arouna Koné',28,'Forward','Cote DIvoire'),
	(137,'Romelu Lukaku',25,'Forward','Belgium'),
	(138,'Gerard Deulofeu',27,'Forward','Spain'),
	(139,'Idrissa Gueye',24,'Midfielder','Senegal'),
	(140,'Ashley Williams',23,'Defender','Wales'),
	(141,'Aaron Lennon',29,'Midfielder','England'),
	(142,'Enner Valencia',26,'Forward','Ecuador'),
	(143,'Fraser Forster',27,'Goalkeeper','England'),
	(144,'Cédric Soares',26,'Defender','Portugal'),
	(145,'Maya Yoshida',27,'Defender','Japan'),
	(146,'Florin Gardos',25,'Defender','Romania'),
	(147,'José Fonte',34,'Defender','Portugal'),
	(148,'Cuco Martina',22,'Defender','Curacao'),
	(149,'Virgil van Dijk',21,'Defender','Netherlands'),
	(150,'Matt Targett',24,'Defender','England'),
	(151,'Jordy Clasie',25,'Midfielder','Netherlands'),
	(152,'Steven Davis',25,'Midfielder','Northern Ireland'),
	(153,'Dusan Tadic',21,'Midfielder','Serbia'),
	(154,'Oriol Romeu',22,'Midfielder','Spain'),
	(155,'James Ward-Prowse',27,'Midfielder','England'),
	(156,'Harrison Reed',27,'Midfielder','England'),
	(157,'Shane Long',28,'Forward','Ireland'),
	(158,'Jay Rodriguez',29,'Forward','England'),
	(159,'Charlie Austin',30,'Forward','England'),
	(160,'Nathan Redmond',24,'Midfielder','England'),
	(161,'Pierre-Emile Højbjerg',27,'Midfielder','Denmark'),
	(162,'Alex McCarthy',30,'Goalkeeper','England'),
	(163,'Jérémy Pied',23,'Defender','France'),
	(164,'Stuart Taylor',27,'Goalkeeper','England'),
	(165,'Sofiane Boufal',27,'Midfielder','Morocco'),
	(166,'Lloyd Isgrove',29,'Midfielder','Wales'),
	(167,'Harry Lewis',28,'Goalkeeper','England'),
	(168,'Jack Stephens',25,'Defender','England'),
	(169,'Jake Hesketh',21,'Midfielder','England'),
	(170,'Olufela Olomola',24,'Forward','Nigeria'),
	(171,'Ryan Bertrand',32,'Defender','England'),
	(172,'Sam McQueen',31,'Midfielder','England'),
	(173,'Adam Federici',30,'Goalkeeper','Australia'),
	(174,'Simon Francis',29,'Defender','England'),
	(175,'Steve Cook',27,'Defender','England'),
	(176,'Charlie Daniels',25,'Defender','England'),
	(177,'Tyrone Mings',26,'Defender','England'),
	(178,'Adam Smith',29,'Defender','England'),
	(179,'Dan Gosling',30,'Midfielder','England'),
	(180,'Andrew Surman',20,'Midfielder','England'),
	(181,'Marc Pugh',23,'Midfielder','England'),
	(182,'Harry Arter',25,'Midfielder','Ireland'),
	(183,'Junior Stanislas',23,'Midfielder','England'),
	(184,'Max Gradel',21,'Forward','Cote DIvoire'),
	(185,'Callum Wilson',26,'Forward','England'),
	(186,'Joshua King',27,'Forward','Norway'),
	(187,'Benik Afobe',25,'Forward','Congo'),
	(188,'Lewis Grabban',24,'Forward','England'),
	(189,'Emerson Hyndman',26,'Midfielder','United States'),
	(190,'Nathan Aké',28,'Defender','Netherlands'),
	(191,'Lys Mousset',29,'Forward','France'),
	(192,'Lewis Cook',30,'Midfielder','England'),
	(193,'Jordon Ibe',31,'Midfielder','England'),
	(194,'Brad Smith',28,'Defender','Australia'),
	(195,'Marc Wilson',26,'Defender','Ireland'),
	(196,'Ryan Fraser',23,'Midfielder','Scotland'),
	(197,'Artur Boruc',25,'Goalkeeper','Poland'),
	(198,'Ryan Allsop',27,'Goalkeeper','England'),
	(199,'Jordan Holmes',23,'Goalkeeper','Australia'),
	(200,'Tom Heaton',24,'Goalkeeper','England'),
	(201,'Paul Robinson',25,'Goalkeeper','England'),
	(202,'Matthew Lowton',21,'Defender','England'),
	(203,'Ben Mee',20,'Defender','England'),
	(204,'Stephen Ward',31,'Defender','Ireland'),
	(205,'James Tarkowski',33,'Defender','England'),
	(206,'Tendayi Darikwa',26,'Defender','England'),
	(207,'Dean Marney',20,'Midfielder','England'),
	(208,'Michael Kightly',19,'Midfielder','England'),
	(209,'George Boyd',20,'Midfielder','Scotland'),
	(210,'Scott Arfield',28,'Midfielder','Canada'),
	(211,'Andre Gray',29,'Forward','England'),
	(212,'Sam Vokes',20,'Forward','Wales'),
	(213,'Ashley Barnes',19,'Forward','Austria'),
	(214,'Nick Pope',39,'Goalkeeper','England'),
	(215,'Johann Berg Gudmundsson',27,'Midfielder','Iceland'),
	(216,'Jon Flanagan',28,'Defender','England'),
	(217,'Steven Defour',26,'Midfielder','Belgium'),
	(218,'Aiden ONeill',28,'Midfielder','Australia'),
	(219,'Kevin Long',25,'Defender','Ireland'),
	(220,'Patrick Bamford',23,'Forward','England'),
	(221,'Jeff Hendrick',22,'Midfielder','Ireland'),
	(222,'Michael Keane',22,'Defender','England'),
	(223,'Julian Speroni',22,'Goalkeeper','Argentina'),
	(224,'Joel Ward',22,'Defender','England'),
	(225,'Scott Dann',21,'Defender','England'),
	(226,'Pape Souaré',20,'Defender','Senegal'),
	(227,'Damien Delaney',31,'Defender','Ireland'),
	(228,'Martin Kelly',30,'Defender','England'),
	(229,'Yohan Cabaye',29,'Midfielder','France'),
	(230,'Wilfried Zaha',28,'Midfielder','England'),
	(231,'Lee Chung-yong',33,'Midfielder','South Korea'),
	(232,'James McArthur',26,'Midfielder','Scotland'),
	(233,'Jordon Mutch',25,'Midfielder','England'),
	(234,'Bakary Sako',28,'Midfielder','Mali'),
	(235,'Joe Ledley',24,'Midfielder','Wales'),
	(236,'Jason Puncheon',24,'Midfielder','England'),
	(237,'Fraizer Campbell',28,'Forward','England'),
	(238,'Connor Wickham',29,'Forward','England'),
	(239,'Steve Mandanda',20,'Goalkeeper','France'),
	(240,'Andros Townsend',18,'Midfielder','England'),
	(241,'James Tomkins',32,'Defender','England'),
	(242,'Christian Benteke',21,'Forward','Belgium'),
	(243,'Ezekiel Fryers',24,'Defender','England'),
	(244,'Loïc Remy',23,'Forward','France'),
	(245,'Mathieu Flamini',24,'Midfielder','France'),
	(246,'Luke Dreher',24,'Midfielder','England'),
	(247,'Jonathan Benteke',28,'Forward','Belgium'),
	(248,'Allan McGregor',28,'Goalkeeper','Scotland'),
	(249,'Eldin Jakupovic',28,'Goalkeeper','Switzerland'),
	(250,'Dusan Kuciak',34,'Goalkeeper','Slovakia'),
	(251,'Alex Bruce',27,'Defender','Northern Ireland'),
	(252,'Curtis Davies',21,'Defender','England'),
	(253,'Harry Maguire',24,'Defender','England'),
	(254,'Michael Dawson',25,'Defender','England'),
	(255,'Andrew Robertson',25,'Defender','Scotland'),
	(256,'Brian Lenihan',25,'Defender','Ireland'),
	(257,'Josh Tymon',25,'Defender','England'),
	(258,'Moses Odubajo',26,'Midfielder','England'),
	(259,'David Meyler',29,'Midfielder','Ireland'),
	(260,'Tom Huddlestone',30,'Midfielder','England'),
	(261,'Robert Snodgrass',31,'Midfielder','Scotland'),
	(262,'Sam Clucas',24,'Midfielder','England'),
	(263,'Jake Livermore',29,'Midfielder','England'),
	(264,'Shaun Maloney',24,'Midfielder','Scotland'),
	(265,'Abel Hernández',28,'Forward','Uruguay'),
	(266,'Adama Diomande',28,'Forward','Norway'),
	(267,'Greg Olley',26,'Midfielder','England'),
	(268,'Josh Clackstone',25,'Midfielder','England'),
	(269,'Greg Luer',25,'Forward','England'),
	(270,'William Mannion',24,'Goalkeeper','England'),
	(271,'Ben Hinchcliffe',29,'Forward','England'),
	(272,'Ryan Mason',30,'Midfielder','England'),
	(273,'Will Keane',31,'Forward','England'),
	(274,'James Weir',26,'Midfielder','England'),
	(275,'Dieumerci Mbokani',32,'Forward','Congo'),
	(276,'Markus Henriksen',31,'Midfielder','Norway'),
	(277,'Harvey Rodgers',24,'Defender','England'),
	(278,'David Marshall',23,'Goalkeeper','Scotland'),
	(279,'Jarrod Bowen',25,'Forward','England'),
	(280,'Dimitrios Konstantopoulos',21,'Goalkeeper','Greece'),
	(281,'Tomás Mejías',22,'Goalkeeper','Spain'),
	(282,'George Friend',22,'Defender','England'),
	(283,'Daniel Ayala',21,'Defender','Spain'),
	(284,'Ben Gibson',22,'Defender','England'),
	(285,'Grant Leadbitter',24,'Midfielder','England'),
	(286,'Adam Clayton',24,'Midfielder','England'),
	(287,'Carlos De Pena',24,'Midfielder','Uruguay'),
	(288,'Julien de Sart',25,'Midfielder','Belgium'),
	(289,'Stewart Downing',23,'Midfielder','England'),
	(290,'Nsue',28,'Midfielder','Equatorial Guinea'),
	(291,'Adam Forshaw',29,'Midfielder','England'),
	(292,'Jordan Rhodes',25,'Forward','Scotland'),
	(293,'Cristhian Stuani',28,'Forward','Uruguay'),
	(294,'David Nugent',18,'Forward','England'),
	(295,'Bernardo',29,'Defender','Colombia'),
	(296,'Viktor Fischer',27,'Forward','Denmark'),
	(297,'Marten de Roon',25,'Midfielder','Netherlands'),
	(298,'Víctor Valdés',25,'Goalkeeper','Spain'),
	(299,'Antonio Barragán',23,'Defender','Spain'),
	(300,'Álvaro Negredo',21,'Forward','Spain'),
	(301,'James Husband',29,'Defender','England'),
	(302,'Calum Chambers',30,'Defender','England'),
	(303,'Gastón Ramírez',26,'Midfielder','Uruguay'),
	(304,'Jack Butland',26,'Goalkeeper','England'),
	(305,'Shay Given',25,'Goalkeeper','Ireland'),
	(306,'Jakob Haugaard',21,'Goalkeeper','Denmark'),
	(307,'Phil Bardsley',27,'Defender','Scotland'),
	(308,'Erik Pieters',26,'Defender','Netherlands'),
	(309,'Marc Muniesa',23,'Defender','Spain'),
	(310,'Glen Johnson',28,'Defender','England'),
	(311,'Ryan Shawcross',26,'Defender','England'),
	(312,'Geoff Cameron',25,'Defender','United States'),
	(313,'Glenn Whelan',24,'Midfielder','Ireland'),
	(314,'Stephen Ireland',29,'Midfielder','Ireland'),
	(315,'Ibrahim Afellay',30,'Midfielder','Netherlands'),
	(316,'Charlie Adam',31,'Midfielder','Scotland'),
	(317,'Giannelli Imbula',23,'Midfielder','France'),
	(318,'Xherdan Shaqiri',23,'Midfielder','Switzerland'),
	(319,'Marko Arnautovic',21,'Forward','Austria'),
	(320,'Mame Biram Diouf',22,'Forward','Senegal'),
	(321,'Jonathan Walters',22,'Forward','Ireland'),
	(322,'Peter Crouch',22,'Forward','England'),
	(323,'Bojan',23,'Forward','Spain'),
	(324,'Joe Allen',25,'Midfielder','Wales'),
	(325,'Lee Grant',23,'Goalkeeper','England'),
	(326,'Bruno Martins Indi',24,'Defender','Netherlands'),
	(327,'Jordan Pickford',21,'Goalkeeper','England'),
	(328,'Vito Mannone',22,'Goalkeeper','Italy'),
	(329,'Billy Jones',28,'Defender','England'),
	(330,'Patrick van Aanholt',20,'Defender','Netherlands'),
	(331,'John OShea',29,'Defender','Ireland'),
	(332,'Lamine Koné',30,'Defender','Cote DIvoire'),
	(333,'Jan Kirchhoff',27,'Midfielder','Germany'),
	(334,'Lee Cattermole',28,'Midfielder','England'),
	(335,'Sebastian Larsson',26,'Midfielder','Sweden'),
	(336,'Jack Rodwell',27,'Midfielder','England'),
	(337,'Wahbi Khazri',19,'Midfielder','Tunisia'),
	(338,'Fabio Borini',28,'Forward','Italy'),
	(339,'Jermain Defoe',28,'Forward','England'),
	(340,'Duncan Watmore',22,'Forward','England'),
	(341,'Papy Djilobodji',22,'Defender','Senegal'),
	(342,'Paddy McNair',22,'Defender','Northern Ireland'),
	(343,'Donald Love',24,'Defender','Scotland'),
	(344,'Adnan Januzaj',25,'Midfielder','Belgium'),
	(345,'Steven Pienaar',25,'Midfielder','South Africa'),
	(346,'Joel Asoro',25,'Forward','Sweden'),
	(347,'Thomas Robson',23,'Defender','England'),
	(348,'Josh Robson',22,'Defender','England'),
	(349,'Lynden Gooch',21,'Midfielder','United States'),
	(350,'Max Stryjek',24,'Goalkeeper','Poland'),
	(351,'Javier Manquillo',25,'Defender','Spain'),
	(352,'Ethan Robson',29,'Midfielder','England'),
	(353,'Rees Greenwood',28,'Midfielder','England'),
	(354,'George Honeyman',30,'Midfielder','England'),
	(355,'Didier Ndong',31,'Midfielder','Gabon'),
	(356,'Jason Denayer',31,'Defender','Belgium'),
	(357,'Victor Anichebe',32,'Forward','Nigeria'),
	(358,'Lukasz Fabianski',20,'Goalkeeper','Poland'),
	(359,'Kristoffer Nordfeldt',30,'Goalkeeper','Sweden'),
	(360,'Jordi Amat',34,'Defender','Spain'),
	(361,'Neil Taylor',27,'Defender','Wales'),
	(362,'Angel Rangel',29,'Defender','Spain'),
	(363,'Kyle Naughton',30,'Defender','England'),
	(364,'Federico Fernández',23,'Defender','Argentina'),
	(365,'Ki Sung-yueng',21,'Midfielder','South Korea'),
	(366,'Leon Britton',21,'Midfielder','England'),
	(367,'Nathan Dyer',21,'Midfielder','England'),
	(368,'Wayne Routledge',23,'Midfielder','England'),
	(369,'Jefferson Montero',22,'Midfielder','Ecuador'),
	(370,'Gylfi Sigurdsson',22,'Midfielder','Iceland'),
	(371,'Jack Cork',24,'Midfielder','England'),
	(372,'Jay Fulton',25,'Midfielder','Scotland'),
	(373,'Modou Barrow',25,'Forward','Gambia'),
	(374,'Mike van der Hoorn',25,'Defender','Netherlands'),
	(375,'Mark Birighitti',28,'Goalkeeper','Australia'),
	(376,'Fernando Llorente',29,'Forward','Spain'),
	(377,'Borja Bastón',27,'Forward','Spain'),
	(378,'Gerhard Tremmel',26,'Goalkeeper','Germany'),
	(379,'Oliver McBurnie',24,'Forward','England'),
	(380,'Leroy Fer',24,'Midfielder','Netherlands'),
	(381,'Stephen Kingsley',25,'Defender','Scotland'),
	(382,'Heurelho Gomes',25,'Goalkeeper','Brazil'),
	(383,'Costel Pantilimon',21,'Goalkeeper','Romania'),
	(384,'Giedrius Arlauskis',22,'Goalkeeper','Lithuania'),
	(385,'Miguel Britos',22,'Defender','Uruguay'),
	(386,'Sebastian Prödl',23,'Defender','Austria'),
	(387,'Juan Carlos Paredes',24,'Defender','Ecuador'),
	(388,'Craig Cathcart',25,'Defender','Northern Ireland'),
	(389,'José Holebas',21,'Defender','Greece'),
	(390,'Abdoulaye Doucouré',23,'Midfielder','France'),
	(391,'Valon Behrami',24,'Midfielder','Switzerland'),
	(392,'Nordin Amrabat',22,'Midfielder','Morocco'),
	(393,'Ben Watson',28,'Midfielder','England'),
	(394,'Etienne Capoue',27,'Midfielder','France'),
	(395,'Troy Deeney',30,'Forward','England'),
	(396,'Odion Ighalo',28,'Forward','Nigeria'),
	(397,'Jerome Sinclair',31,'Forward','England'),
	(398,'Christian Kabasele',31,'Defender','Belgium'),
	(399,'Isaac Success',31,'Forward','Nigeria'),
	(400,'Juan Zuñiga',22,'Defender','Colombia'),
	(401,'Brice Dja Djédjé',33,'Defender','Cote DIvoire'),
	(402,'Younes Kaboul',29,'Defender','France'),
	(403,'Roberto Pereyra',27,'Midfielder','Argentina'),
	(404,'Rene Gilmartin',28,'Goalkeeper','Ireland'),
	(405,'Adlène Guédioura',24,'Midfielder','Algeria'),
	(406,'Daryl Janmaat',22,'Defender','Netherlands'),
	(407,'Stefano Okaka',24,'Forward','Italy'),
	(408,'Adrian Mariappa',31,'Defender','Jamaica'),
	(409,'Kenedy',31,'Midfielder','Brazil'),
	(410,'Ben Foster',31,'Goalkeeper','England'),
	(411,'Boaz Myhill',36,'Goalkeeper','Wales'),
	(412,'Jonas Olsson',28,'Defender','Sweden'),
	(413,'Jonny Evans',27,'Defender','Northern Ireland'),
	(414,'Gareth McAuley',27,'Defender','Northern Ireland'),
	(415,'Craig Dawson',26,'Defender','England'),
	(416,'Claudio Yacob',24,'Midfielder','Argentina'),
	(417,'James Morrison',25,'Midfielder','Scotland'),
	(418,'Craig Gardner',21,'Midfielder','England'),
	(419,'Chris Brunt',23,'Midfielder','Northern Ireland'),
	(420,'James McClean',27,'Midfielder','Ireland'),
	(421,'Callum McManaman',28,'Midfielder','England'),
	(422,'Darren Fletcher',29,'Midfielder','Scotland'),
	(423,'Jonathan Leko',30,'Midfielder','England'),
	(424,'Saido Berahino',24,'Forward','England'),
	(425,'Salomón Rondón',23,'Forward','Venezuela'),
	(426,'Matt Phillips',22,'Midfielder','Scotland'),
	(427,'Sam Field',27,'Midfielder','England'),
	(428,'Kane Wilson',28,'Defender','England'),
	(429,'Brendan Galloway',29,'Defender','England'),
	(430,'Alex Palmer',30,'Goalkeeper','England'),
	(431,'Jack Rose',26,'Goalkeeper','England'),
	(432,'Nacer Chadli',30,'Midfielder','Belgium'),
	(433,'Nyom',31,'Defender','Cameroon'),
	(434,'Hal Robson-Kanu',33,'Forward','Wales'),
	(435,'Darren Randolph',33,'Goalkeeper','Ireland'),
	(436,'Adrián',32,'Goalkeeper','Spain'),
	(437,'Raphael Spiegel',31,'Goalkeeper','Switzerland'),
	(438,'Winston Reid',29,'Defender','New Zealand'),
	(439,'Aaron Cresswell',28,'Defender','England'),
	(440,'James Collins',27,'Defender','Wales'),
	(441,'Angelo Ogbonna',26,'Defender','Italy'),
	(442,'Sam Byram',24,'Defender','England'),
	(443,'Reece Oxford',22,'Defender','England'),
	(444,'Cheikhou Kouyaté',24,'Midfielder','Senegal'),
	(445,'Pedro Obiang',26,'Midfielder','Spain'),
	(446,'Mark Noble',21,'Midfielder','England'),
	(447,'Dimitri Payet',29,'Midfielder','France'),
	(448,'Michail Antonio',28,'Midfielder','England'),
	(449,'Andy Carroll',28,'Forward','England'),
	(450,'Diafra Sakho',28,'Forward','Senegal'),
	(451,'Håvard Nordtveit',25,'Midfielder','Norway'),
	(452,'Sofiane Feghouli',26,'Midfielder','Algeria'),
	(453,'Gökhan Töre',26,'Midfielder','Turkey'),
	(454,'Arthur Masuaku',26,'Defender','France'),
	(455,'André Ayew',26,'Forward','Ghana'),
	(456,'Jonathan Calleri',22,'Forward','Argentina'),
	(457,'Ashley Fletcher',29,'Forward','England'),
	(458,'Marcus Browne',30,'Midfielder','England'),
	(459,'Edimilson Fernandes',31,'Midfielder','Switzerland'),
	(460,'Grady Diangana',28,'Midfielder','England'),
	(461,'Simone Zaza',26,'Forward','Italy'),
	(462,'Alvaro Arbeloa',28,'Defender','Spain'),
	(463,'Manuel Lanzini',27,'Midfielder','Argentina'),
	(464,'Kiko Casilla',30,'Goalkeeper','Spain'),
	(465,'Rubén Yanez',23,'Goalkeeper','Spain'),
	(466,'K. Navas',29,'Goalkeeper','Chile'),
	(467,'Sergio Ramos',30,'Defender','Spain'),
	(468,'Nacho',26,'Defender','Spain'),
	(469,'R. Varane',23,'Defender','France'),
	(470,'Alvaro Tejero',20,'Defender','Spain'),
	(471,'Daniel Carvajal',24,'Defender','Spain'),
	(472,'Danilo',25,'Defender','Brazil'),
	(473,'Marcelo',28,'Defender','Brazil'),
	(474,'Fabio Coentrao',28,'Defender','Portgual'),
	(475,'Pepe',33,'Defender','Portgual'),
	(476,'Marco Asensio',20,'Midfielder','Spain'),
	(477,'L. Modric',31,'Midfielder','Croatia'),
	(478,'M. Kovacic',22,'Midfielder','Croatia'),
	(479,'Isco',24,'Midfielder','Spain'),
	(480,'J. Rodríguez',25,'Midfielder','Colombia'),
	(481,'T. Kroos',26,'Midfielder','Germany'),
	(482,'Casemiro',24,'Midfielder','Brazil'),
	(483,'Cristiano Ronaldo',31,'Forward','Portgual'),
	(484,'M. Díaz',23,'Forward','France'),
	(485,'G. Bale',27,'Forward','Wales'),
	(486,'Alvaro Morata',24,'Forward','Spain'),
	(487,'K. Benzema',28,'Forward','France'),
	(488,'Lucas Vazquez',25,'Forward','Spain'),
	(489,'Jordi Masip',27,'Goalkeeper','Spain'),
	(490,'J. Cillessen',27,'Goalkeeper','Netherlands'),
	(491,'M. ter Stegen',24,'Goalkeeper','Germany'),
	(492,'Jordi Alba',27,'Defender','Spain'),
	(493,'J. Mascherano',32,'Defender','Argentina'),
	(494,'Pique',29,'Defender','Spain'),
	(495,'Marlon',21,'Defender','Brazil'),
	(496,'J. Mathieu',33,'Defender','France'),
	(497,'S. Umtiti',22,'Defender','France'),
	(498,'L. Digne',23,'Defender','France'),
	(499,'Denis Suarez',22,'Midfielder','Spain'),
	(500,'Andre Gomes',23,'Midfielder','Portgual'),
	(501,'Carles Alena',18,'Midfielder','Spain'),
	(502,'W. Kaptoum',20,'Midfielder','Spain'),
	(503,'Nili',22,'Midfielder','Spain'),
	(504,'Rafinha',23,'Midfielder','Brazil'),
	(505,'Sergi Roberto',24,'Midfielder','Spain'),
	(506,'A. Turan',29,'Midfielder','Turkey'),
	(507,'Iniesta',32,'Midfielder','Spain'),
	(508,'Aleix Vidal',27,'Midfielder','Spain'),
	(509,'I. Rakitic',28,'Midfielder','Croatia'),
	(510,'Busquets',28,'Midfielder','Spain'),
	(511,'L. Messi',29,'Forward','Argentina'),
	(512,'Neymar',24,'Forward','Brazil'),
	(513,'L. Suarez',29,'Forward','Uruguay'),
	(514,'Paco Alcacer',23,'Forward','Spain'),
	(515,'Moya',32,'Goalkeeper','Spain'),
	(516,'Bernabe Barragan',23,'Goalkeeper','Spain'),
	(517,'Andre Moreira',20,'Goalkeeper','Spain'),
	(518,'J. Oblak',23,'Goalkeeper','Spain'),
	(519,'S. Savic',25,'Defender','Spain'),
	(520,'J. Gimenez',21,'Defender','Uruguay'),
	(521,'L. Hernandez',20,'Defender','Uruguay'),
	(522,'D. Godín',30,'Defender','Uruguay'),
	(523,'S. Vrsaljko',24,'Defender','Uruguay'),
	(524,'Filipe Luis',31,'Defender','Uruguay'),
	(525,'Juanfran',31,'Defender','Uruguay'),
	(526,'Y. Carrasco',23,'Midfielder','Brazil'),
	(527,'T. Partey',23,'Midfielder','Brazil'),
	(528,'Gabi',33,'Midfielder','Brazil'),
	(529,'Tiago',35,'Midfielder','Brazil'),
	(530,'A. Cerci',29,'Midfielder','Brazil'),
	(531,'Koke',24,'Midfielder','France'),
	(532,'N. Gaitán',28,'Midfielder','France'),
	(533,'Saul',21,'Midfielder','France'),
	(534,'A. Fernandez',30,'Midfielder','Spain'),
	(535,'A. Griezmann',25,'Forward','Spain'),
	(536,'Fernando Torres',32,'Forward','Spain'),
	(537,'A. Correa',21,'Forward','Spain'),
	(538,'K. Gameiro',29,'Forward','Spain'),
	(539,'Iago Herrerín',28,'Goalkeeper','Spain'),
	(540,'Kepa',22,'Goalkeeper','Spain'),
	(541,'Iraizoz',35,'Goalkeeper','Spain'),
	(542,'Boveda',27,'Defender','Spain'),
	(543,'Etxeita',29,'Defender','Spain'),
	(544,'Balenziaga',28,'Defender','Spain'),
	(545,'A. Laporte',22,'Defender','France'),
	(546,'Elustondo',29,'Defender','Spain'),
	(547,'Lekue',23,'Defender','Spain'),
	(548,'Saborit',24,'Defender','Spain'),
	(549,'San Jose',27,'Defender','Spain'),
	(550,'Yeray Alvarez',21,'Defender','Spain'),
	(551,'Eraso',26,'Midfielder','Spain'),
	(552,'Ager Aketxe',22,'Midfielder','Spain'),
	(553,'Mikel Vesga',23,'Midfielder','Spain'),
	(554,'Iturraspe',27,'Midfielder','Spain'),
	(555,'Mikel Rico',32,'Midfielder','Spain'),
	(556,'Benat',29,'Midfielder','Spain'),
	(557,'Raul García',30,'Midfielder','Spain'),
	(558,'Susaeta',28,'Midfielder','Spain'),
	(559,'De Marcos',27,'Midfielder','Spain'),
	(560,'Inaki Williams',22,'Forward','Spain'),
	(561,'Sabin',24,'Forward','Spain'),
	(562,'Aduriz',35,'Forward','Spain'),
	(563,'Muniain',23,'Forward','Spain'),
	(564,'Sergio Alvarez',30,'Goalkeeper','Spain'),
	(565,'Ivan Villar',19,'Goalkeeper','Spain'),
	(566,'Ruben Blanco',21,'Goalkeeper','Spain'),
	(567,'Fontas',26,'Defender','Spain'),
	(568,'Sergi Gomez',24,'Defender','Spain'),
	(569,'Jonny Castro',22,'Defender','Spain'),
	(570,'David Costas',21,'Defender','Spain'),
	(571,'Hugo Mallo',25,'Defender','Spain'),
	(572,'Planas',25,'Defender','Spain'),
	(573,'G. Cabral',31,'Defender','Uruguay'),
	(574,'F. Roncaglia',29,'Defender','Uruguay'),
	(575,'Josep Sene',24,'Midfielder','Spain'),
	(576,'P. Sisto',21,'Midfielder','Switzerland'),
	(577,'Pape Diop',19,'Midfielder','Spain'),
	(578,'P. Hernandez',30,'Midfielder','Chile'),
	(579,'Alvaro Lemos',23,'Midfielder','Spain'),
	(580,'F. Orellana',30,'Midfielder','Chile'),
	(581,'N. Radoja',23,'Midfielder','Spain'),
	(582,'D. Wass',27,'Midfielder','Spain'),
	(583,'M. Díaz',29,'Midfielder','Spain'),
	(584,'J. Guidetti',24,'Forward','Spain'),
	(585,'Iago Aspas',29,'Forward','Spain'),
	(586,'G. Rossi',29,'Forward','Italy'),
	(587,'T. Bongonda',20,'Forward','Germany'),
	(588,'Jose Naranjo',22,'Forward','Spain'),
	(589,'C. Beauvue',28,'Forward','France'),
	(590,'Ortola',23,'Goalkeeper','Spain'),
	(591,'Fernando Pacheco',24,'Goalkeeper','Spain'),
	(592,'Laguardia',27,'Defender','Spain'),
	(593,'Alexis',31,'Defender','Spain'),
	(594,'Einar Galilea',22,'Defender','Spain'),
	(595,'A. Pantic',24,'Defender','Spain'),
	(596,'Carlos Vigaray',22,'Defender','Spain'),
	(597,'Z. Feddal',27,'Defender','Spain'),
	(598,'Raul García',27,'Defender','Spain'),
	(599,'T. Hernandez',19,'Defender','Spain'),
	(600,'Sergio Llamas',23,'Midfielder','Spain'),
	(601,'Edgar Mendez',25,'Midfielder','Spain'),
	(602,'Manuel Garcia',18,'Midfielder','Spain'),
	(603,'Kiko Femenía',25,'Midfielder','France'),
	(604,'N. Krsticic',26,'Midfielder','Chile'),
	(605,'Manu García',30,'Midfielder','Uruguay'),
	(606,'D. Torres',26,'Midfielder','Spain'),
	(607,'Víctor Camarasa',22,'Midfielder','Spain'),
	(608,'Marcos Llorente',21,'Midfielder','Spain'),
	(609,'C. Espinoza',21,'Midfielder','Spain'),
	(610,'Ruben Sobrino',24,'Forward','Spain'),
	(611,'Manu Barreiro',30,'Forward','Spain'),
	(612,'Toquero',32,'Forward','Spain'),
	(613,'C. Santos',28,'Forward','Spain'),
	(614,'A. Katai',25,'Forward','Spain'),
	(615,'Dani Iglesias',21,'Forward','Spain'),
	(616,'Ibai Gómez',26,'Forward','Spain'),
	(617,'Deyverson',25,'Forward','Spain'),
	(618,'Ruben',32,'Goalkeeper','Spain'),
	(619,'G. Lux',34,'Goalkeeper','Spain'),
	(620,'P. Tyton',29,'Goalkeeper','Spain'),
	(621,'Alejandro Arribas',27,'Defender','Spain'),
	(622,'Albentosa',28,'Defender','Spain'),
	(623,'Luisinho',31,'Defender','Spain'),
	(624,'Laure',31,'Defender','Spain'),
	(625,'Sidnei',27,'Defender','Spain'),
	(626,'Fernando Navarro',34,'Defender','Spain'),
	(627,'Borja Valle',24,'Midfielder','Spain'),
	(628,'E. Colak',25,'Midfielder','Spain'),
	(629,'Juanfran',28,'Midfielder','Spain'),
	(630,'Bruno Gama',28,'Midfielder','Spain'),
	(631,'Guilherme',25,'Midfielder','Spain'),
	(632,'Carles Gil',24,'Midfielder','Uruguay'),
	(633,'Pedro Mosquera',28,'Midfielder','Germany'),
	(634,'Alex Bergantinos',31,'Midfielder','Spain'),
	(635,'F. Fajr',28,'Midfielder','Spain'),
	(636,'C. Borges',28,'Midfielder','Spain'),
	(637,'M. Moreno',20,'Forward','Spain'),
	(638,'Joselu',26,'Forward','Spain'),
	(639,'R. Babel',29,'Forward','France'),
	(640,'F. Andone',23,'Forward','Italy'),
	(641,'Asier Riesgo',33,'Goalkeeper','Spain'),
	(642,'Yoel',28,'Goalkeeper','Spain'),
	(643,'Markel Areitio',20,'Goalkeeper','Spain'),
	(644,'Luna',25,'Defender','Spain'),
	(645,'Ramis',32,'Defender','Spain'),
	(646,'Junca',22,'Defender','Spain'),
	(647,'Ander Capa',24,'Defender','Spain'),
	(648,'Alejandro Galvez',27,'Defender','Spain'),
	(649,'F. Lejeune',25,'Defender','France'),
	(650,'Arbilla',29,'Defender','Spain'),
	(651,'M. Dos Santos',27,'Defender','Uruguay'),
	(652,'G. Escalante',23,'Midfielder','Uruguay'),
	(653,'Pedro Leon',29,'Midfielder','Spain'),
	(654,'Ruben Pena',25,'Midfielder','Spain'),
	(655,'T. Inui',28,'Midfielder','Japan'),
	(656,'Christian Rivera',19,'Midfielder','Spain'),
	(657,'Adrian',28,'Midfielder','Spain'),
	(658,'Jota Peleteiro',25,'Midfielder','Spain'),
	(659,'Fran Rico',29,'Midfielder','Spain'),
	(660,'Dani García',26,'Midfielder','Spain'),
	(661,'Kike',26,'Forward','Spain'),
	(662,'Bebe',26,'Forward','Spain'),
	(663,'Sergi Enrich',26,'Forward','Spain'),
	(664,'Nano',21,'Forward','Spain'),
	(665,'Diego Lopez',35,'Goalkeeper','Spain'),
	(666,'Roberto Jimenez',30,'Goalkeeper','Spain'),
	(667,'Víctor Alvarez',23,'Defender','Spain'),
	(668,'D. Reyes',24,'Defender','Italy'),
	(669,'O. Duarte',27,'Defender','Spain'),
	(670,'Ruben Duarte',21,'Defender','Spain'),
	(671,'Aaron Martín',19,'Defender','Uruguay'),
	(672,'M. Demichelis',35,'Defender','Spain'),
	(673,'Marc Roca',19,'Midfielder','Spain'),
	(674,'David López',27,'Midfielder','Spain'),
	(675,'Javi López',30,'Midfielder','Spain'),
	(676,'Salva Sevilla',32,'Midfielder','Spain'),
	(677,'Jose Jurado',30,'Midfielder','Spain'),
	(678,'Javi Fuego',32,'Midfielder','Spain'),
	(679,'P. Diop',30,'Midfielder','Spain'),
	(680,'Víctor Sánchez',29,'Midfielder','Spain'),
	(681,'Jose Antonio Reyes',33,'Midfielder','Spain'),
	(682,'Leo Baptistao',23,'Forward','Spain'),
	(683,'F. Caicedo',28,'Forward','Spain'),
	(684,'Alvaro Vazquez',25,'Forward','Spain'),
	(685,'H. Perez',27,'Forward','Spain'),
	(686,'P. Piatti',27,'Forward','Netherlands'),
	(687,'Gerard Moreno',24,'Forward','Uruguay'),
	(688,'G. Ochoa',31,'Goalkeeper','Italy'),
	(689,'Oier',27,'Goalkeeper','Spain'),
	(690,'I. Kelava',28,'Goalkeeper','France'),
	(691,'D. Foulquier',23,'Defender','France'),
	(692,'Luís Martins',24,'Defender','France'),
	(693,'Gabriel Silva',25,'Defender','Brazil'),
	(694,'G. Silva',22,'Defender','Brazil'),
	(695,'M. Saunier',26,'Defender','Brazil'),
	(696,'Tito',31,'Defender','Spain'),
	(697,'Lomban',29,'Defender','Spain'),
	(698,'F. Tabanou',27,'Defender','Spain'),
	(699,'M. Hongla',18,'Defender','Spain'),
	(700,'U. Agbo',20,'Defender','Spain'),
	(701,'Rúben Vezo',22,'Defender','Spain'),
	(702,'Jon Toral',21,'Midfielder','Spain'),
	(703,'Andreas Pereira',20,'Midfielder','Spain'),
	(704,'Sergi Samper',21,'Midfielder','Spain'),
	(705,'J. Boga',19,'Midfielder','Spain'),
	(706,'Isaac Cuenca',25,'Midfielder','Spain'),
	(707,'V. Angban',20,'Midfielder','Spain'),
	(708,'Javi Márquez',30,'Midfielder','Uruguay'),
	(709,'R. Krhin',26,'Midfielder','Uruguay'),
	(710,'M. Carcela',27,'Midfielder','Brazil'),
	(711,'E. Ponce',19,'Forward','Brazil'),
	(712,'O. Atzili',23,'Forward','Brazil'),
	(713,'Bueno',28,'Forward','Brazil'),
	(714,'A. Kravets',27,'Forward','France'),
	(715,'David Barral',33,'Forward','France'),
	(716,'Javi Varas',34,'Goalkeeper','Spain'),
	(717,'David Ramírez',21,'Goalkeeper','Spain'),
	(718,'Raul Lizoain',25,'Goalkeeper','Spain'),
	(719,'Helder Lopes',27,'Defender','Spain'),
	(720,'David Simon',27,'Defender','Spain'),
	(721,'M. Lemos',20,'Defender','Spain'),
	(722,'Dani Castellano',29,'Defender','Spain'),
	(723,'Bigas',26,'Defender','Spain'),
	(724,'David García',34,'Defender','Uruguay'),
	(725,'Míchel',26,'Defender','Spain'),
	(726,'Aythami Artiles',30,'Defender','Spain'),
	(727,'Hernan',26,'Midfielder','Spain'),
	(728,'Momo',34,'Midfielder','Spain'),
	(729,'M. García',20,'Midfielder','Spain'),
	(730,'Javi Castellano',29,'Midfielder','Spain'),
	(731,'Roque Mesa',27,'Midfielder','Spain'),
	(732,'Montoro',28,'Midfielder','Spain'),
	(733,'Jonathan Viera',27,'Midfielder','Spain'),
	(734,'Vicente Gomez',28,'Midfielder','Uruguay'),
	(735,'K. Boateng',29,'Midfielder','Spain'),
	(736,'M. Livaja',23,'Forward','Spain'),
	(737,'S. Araujo',24,'Forward','Spain'),
	(738,'N. El Zhar',30,'Forward','Spain'),
	(739,'Asdrubal',25,'Forward','Spain'),
	(740,'Tyronne',25,'Forward','Spain'),
	(741,'Tana',26,'Forward','Spain'),
	(742,'Serantes',27,'Goalkeeper','Spain'),
	(743,'A. Brignoli',25,'Goalkeeper','Spain'),
	(744,'Pablo Ínsua',23,'Defender','Spain'),
	(745,'M. Mantovani',32,'Defender','Spain'),
	(746,'C. Medjani',31,'Defender','Spain'),
	(747,'Bustinza',24,'Defender','Spain'),
	(748,'Diego Rico',23,'Defender','Spain'),
	(749,'Adrián Marín',19,'Defender','Spain'),
	(750,'Víctor Díaz',28,'Defender','Spain'),
	(751,'Robert Ibanez',23,'Midfielder','Spain'),
	(752,'Unai Lopez',21,'Midfielder','Spain'),
	(753,'A. Szymanowski',28,'Midfielder','Uruguay'),
	(754,'Alberto',27,'Midfielder','Spain'),
	(755,'Toni',26,'Midfielder','Spain'),
	(756,'Lluis Sastre',30,'Midfielder','Spain'),
	(757,'Omar Ramos',28,'Midfielder','Spain'),
	(758,'Gabriel',23,'Midfielder','Spain'),
	(759,'Ruben Perez',27,'Midfielder','Brazil'),
	(760,'Timor',27,'Midfielder','Brazil'),
	(761,'D. Machís',23,'Forward','Spain'),
	(762,'Guerrero',26,'Forward','Spain'),
	(763,'Luciano',23,'Forward','Italy'),
	(764,'M. Kone',24,'Forward','Italy'),
	(765,'D. Boyko',28,'Goalkeeper','Germany'),
	(766,'Aaron Escandell',21,'Goalkeeper','Germany'),
	(767,'C. Kameni',32,'Goalkeeper','Germany'),
	(768,'Diego Llorente',23,'Defender','France'),
	(769,'M. Villanueva',23,'Defender','France'),
	(770,'F. Ricca',21,'Defender','France'),
	(771,'Bakary Kone',28,'Defender','France'),
	(772,'Luis',19,'Defender','Spain'),
	(773,'Juan Carlos',26,'Defender','Spain'),
	(774,'R. Rosales',27,'Defender','Spain'),
	(775,'Weligton',37,'Defender','Spain'),
	(776,'Miguel Torres',30,'Defender','Spain'),
	(777,'Ignacio Camacho',26,'Midfielder','Spain'),
	(778,'Z. Kuzmanovic',29,'Midfielder','Spain'),
	(779,'J. Anor',22,'Midfielder','Spain'),
	(780,'Javi Ontiveros',19,'Midfielder','Spain'),
	(781,'Keko',24,'Midfielder','Spain'),
	(782,'Duda',36,'Midfielder','Spain'),
	(783,'G. Castro',32,'Midfielder','Spain'),
	(784,'Jony',25,'Midfielder','Spain'),
	(785,'Recio',25,'Midfielder','Spain'),
	(786,'Pablo Fornals',20,'Midfielder','Spain'),
	(787,'Y. En Nesyri',19,'Forward','Brazil'),
	(788,'Sandro Ramírez',21,'Forward','Brazil'),
	(789,'Charles',32,'Forward','Brazil'),
	(790,'Michael Santos',23,'Forward','Uruguay'),
	(791,'Mario',28,'Goalkeeper','Spain'),
	(792,'Alvaro Fernandez',18,'Goalkeeper','Spain'),
	(793,'Nauzet Perez',31,'Goalkeeper','Spain'),
	(794,'Fuentes',26,'Defender','Spain'),
	(795,'Aitor Bunuel',18,'Defender','Spain'),
	(796,'Javi Flano',32,'Defender','Spain'),
	(797,'David García',22,'Defender','Spain'),
	(798,'Javi Alamo',28,'Defender','Spain'),
	(799,'C. Bonnín',26,'Defender','Spain'),
	(800,'Oier',30,'Defender','Spain'),
	(801,'Carlos Clerc',24,'Defender','Spain'),
	(802,'Miguel Flano',32,'Defender','Spain'),
	(803,'Unai García',24,'Defender','Spain'),
	(804,'Antonio Otegui',18,'Midfielder','Spain'),
	(805,'Olavide',20,'Midfielder','Spain'),
	(806,'Alex Berenguer',21,'Midfielder','Spain'),
	(807,'G. Causic',24,'Midfielder','Spain'),
	(808,'Roberto Torres',27,'Midfielder','Spain'),
	(809,'Fran Merida',26,'Midfielder','Spain'),
	(810,'D. Digard',30,'Midfielder','Spain'),
	(811,'De las Cuevas',30,'Midfielder','Uruguay'),
	(812,'Jaime Romero',26,'Midfielder','Uruguay'),
	(813,'Imanol García',20,'Midfielder','Italy'),
	(814,'Fausto Tienza',26,'Midfielder','Italy'),
	(815,'Sergio León',27,'Forward','Italy'),
	(816,'E. Riviere',26,'Forward','Spain'),
	(817,'Oriol Riera',30,'Forward','Spain'),
	(818,'Kenan',23,'Forward','Spain'),
	(819,'Manu Herrera',35,'Goalkeeper','Spain'),
	(820,'Adan',29,'Goalkeeper','Spain'),
	(821,'Dani Gimenez',33,'Goalkeeper','Spain'),
	(822,'G. Pezzella',25,'Defender','Spain'),
	(823,'Rafa Navarro',22,'Defender','Spain'),
	(824,'R. Durmisi',22,'Defender','Spain'),
	(825,'Alex Martínez',26,'Defender','Spain'),
	(826,'A. Mandi',25,'Defender','Spain'),
	(827,'Bruno Gonzalez',26,'Defender','Spain'),
	(828,'Jose Carlos',20,'Defender','Spain'),
	(829,'R. Donk',30,'Defender','Chile'),
	(830,'C. Piccini',24,'Defender','Chile'),
	(831,'C. Musonda',20,'Midfielder','Spain'),
	(832,'Fabián Ruiz',20,'Midfielder','Spain'),
	(833,'Dani Ceballos',20,'Midfielder','Spain'),
	(834,'Matías Nahuel',20,'Midfielder','Spain'),
	(835,'J. Martin',26,'Midfielder','Spain'),
	(836,'Cejudo',32,'Midfielder','Spain'),
	(837,'F. Gutierrez',26,'Midfielder','Spain'),
	(838,'Petros',27,'Midfielder','Spain'),
	(839,'Joaquín',35,'Midfielder','France'),
	(840,'D. Brasanac',24,'Midfielder','France'),
	(841,'Rubén Castro',35,'Forward','France'),
	(842,'Alex Alegría',24,'Forward','Netherlands'),
	(843,'R. Zozulya',26,'Forward','Netherlands'),
	(844,'A. Sanabria',20,'Forward','Netherlands'),
	(845,'Tono',29,'Goalkeeper','Spain'),
	(846,'G. Rulli',24,'Goalkeeper','Uruguay'),
	(847,'Ander Bardaji',21,'Goalkeeper','Spain'),
	(848,'Raúl Navas',28,'Defender','Spain'),
	(849,'Mikel González',31,'Defender','Spain'),
	(850,'Inigo Martínez',25,'Defender','Spain'),
	(851,'Joseba Zaldúa',24,'Defender','Spain'),
	(852,'Aritz Elustondo',22,'Defender','Spain'),
	(853,'Litri',25,'Defender','Spain'),
	(854,'Yuri',26,'Defender','Spain'),
	(855,'Carlos Martínez',30,'Defender','Spain'),
	(856,'Rubén Pardo',24,'Midfielder','Spain'),
	(857,'Granero',29,'Midfielder','Spain'),
	(858,'Xabi Prieto',33,'Midfielder','Spain'),
	(859,'K. Rodrigues',22,'Midfielder','Spain'),
	(860,'Zurutuza',30,'Midfielder','Spain'),
	(861,'Bergara',30,'Midfielder','France'),
	(862,'Illarramendi',26,'Midfielder','Spain'),
	(863,'Jon Gaztañaga',25,'Midfielder','Spain'),
	(864,'Canales',25,'Midfielder','Spain'),
	(865,'Mikel Oyarzabal',19,'Forward','Spain'),
	(866,'Jon Bautista',21,'Forward','Spain'),
	(867,'David Concha',19,'Forward','Spain'),
	(868,'Willian Jose',24,'Forward','Spain'),
	(869,'Agirretxe',29,'Forward','Spain'),
	(870,'C. Vela',27,'Forward','Spain'),
	(871,'Juanmi',23,'Forward','Brazil'),
	(872,'Sergio Rico',23,'Goalkeeper','Spain'),
	(873,'S. Sirigu',29,'Goalkeeper','Spain'),
	(874,'David Soria',23,'Goalkeeper','Spain'),
	(875,'Churripi',22,'Goalkeeper','Spain'),
	(876,'T. Kolodziejczak',25,'Defender','Spain'),
	(877,'Diego González',21,'Defender','Spain'),
	(878,'Mariano',30,'Defender','Spain'),
	(879,'Sergio Escudero',27,'Defender','Spain'),
	(880,'G. Mercado',29,'Defender','Uruguay'),
	(881,'N. Pareja',32,'Defender','Uruguay'),
	(882,'B. Tremoulinas',30,'Defender','Spain'),
	(883,'A. Rami',30,'Defender','Spain'),
	(884,'Vitolo',27,'Midfielder','Spain'),
	(885,'Antonio Cotan',21,'Midfielder','Spain'),
	(886,'M. Kranevitter',23,'Midfielder','Spain'),
	(887,'J. Correa',22,'Midfielder','Spain'),
	(888,'Iborra',28,'Midfielder','Spain'),
	(889,'Pablo Sarabia',24,'Midfielder','Spain'),
	(890,'M. Krohn-Dehli',33,'Midfielder','Spain'),
	(891,'S. NZonzi',27,'Midfielder','Spain'),
	(892,'H. Kiyotake',26,'Midfielder','Japan'),
	(893,'Daniel Carriço',28,'Midfielder','Portugal'),
	(894,'Ganso',27,'Midfielder','Brazil'),
	(895,'S. Nasri',29,'Midfielder','France'),
	(896,'Carlos Fernández',20,'Forward','Italy'),
	(897,'W. Ben Yedder',25,'Forward','France'),
	(898,'F. Vázquez',27,'Forward','France'),
	(899,'L. Vietto',22,'Forward','Uruguay'),
	(900,'Oscar Whalley',22,'Goalkeeper','Spain'),
	(901,'Pichu Cuellar',32,'Goalkeeper','Spain'),
	(902,'Diego Marino',26,'Goalkeeper','Spain'),
	(903,'Douglas Pereira',26,'Defender','Brazil'),
	(904,'F. Amorebieta',31,'Defender','Spain'),
	(905,'Canella',28,'Defender','Spain'),
	(906,'Juan Rodríguez',21,'Defender','Spain'),
	(907,'Jorge Mere',19,'Defender','Spain'),
	(908,'Lillo Castellano',27,'Defender','Spain'),
	(909,'J. Babin',30,'Defender','Spain'),
	(910,'Lora',29,'Defender','Spain'),
	(911,'Pedro Díaz',18,'Midfielder','Spain'),
	(912,'R. Ait-Atmane',23,'Midfielder','Spain'),
	(913,'Moi Gómez',22,'Midfielder','Spain'),
	(914,'Víctor Rodríguez',27,'Midfielder','Spain'),
	(915,'Sergio Alvarez',24,'Midfielder','Spain'),
	(916,'Xavi Torres',29,'Midfielder','Spain'),
	(917,'Nacho Cases',28,'Midfielder','Spain'),
	(918,'Isma López',26,'Midfielder','Spain'),
	(919,'D. NDi',21,'Forward','Spain'),
	(920,'Pablo Fernández',20,'Forward','Spain'),
	(921,'Akram Afif',19,'Forward','Spain'),
	(922,'Carlos Carmona',29,'Forward','Spain'),
	(923,'Viguera',29,'Forward','Spain'),
	(924,'Carlos Castro',21,'Forward','Spain'),
	(925,'Burgui',23,'Forward','Spain'),
	(926,'D. Cop',26,'Forward','Chile'),
	(927,'M. Ryan',24,'Goalkeeper','New Zealand'),
	(928,'Jaume Doménech',26,'Goalkeeper','Spain'),
	(929,'Diego Alves',31,'Goalkeeper','Brazil'),
	(930,'Toni Lato',18,'Defender','Brazil'),
	(931,'Aderllan Santos',27,'Defender','Portugal'),
	(932,'Joao Cancelo',22,'Defender','Portugal'),
	(933,'Jose Gaya',21,'Defender','Portugal'),
	(934,'E. Mangala',25,'Defender','Spain'),
	(935,'Martín Montoya',25,'Defender','Spain'),
	(936,'E. Garay',30,'Defender','Spain'),
	(937,'A. Abdennour',27,'Defender','Spain'),
	(938,'Guilherme Siqueira',30,'Defender','Spain'),
	(939,'Alvaro Medran',22,'Midfielder','Spain'),
	(940,'Carlos Soler',19,'Midfielder','Spain'),
	(941,'Nani',29,'Midfielder','Spain'),
	(942,'F. Cartabia',23,'Midfielder','Spain'),
	(943,'E. Pérez',30,'Midfielder','Uruguay'),
	(944,'Mario Suárez',29,'Midfielder','Uruguay'),
	(945,'Dani Parejo',27,'Midfielder','Uruguay'),
	(946,'Rafa Mir',19,'Forward','Spain'),
	(947,'Santi Mina',20,'Forward','Spain'),
	(948,'Z. Bakkali',20,'Forward','Germany'),
	(949,'Rodrigo',25,'Forward','Spain'),
	(950,'Munir',21,'Forward','Spain'),
	(951,'Andrés Fernández',29,'Goalkeeper','France'),
	(952,'M. Barbosa',32,'Goalkeeper','France'),
	(953,'Sergio Asenjo',27,'Goalkeeper','France'),
	(954,'D. Bonera',35,'Defender','Spain'),
	(955,'Mario Gaspar',25,'Defender','Spain'),
	(956,'Jaume Costa',28,'Defender','Spain'),
	(957,'Víctor Ruíz',27,'Defender','Spain'),
	(958,'A. Rukavina',32,'Defender','Spain'),
	(959,'M. Musacchio',26,'Defender','Spain'),
	(960,'Alvaro González',26,'Defender','Spain'),
	(961,'Jose Ángel',27,'Defender','Spain'),
	(962,'B. Jokic',30,'Defender','Spain'),
	(963,'Trigueros',25,'Midfielder','Spain'),
	(964,'Ramón Bueno',21,'Midfielder','Spain'),
	(965,'Samu Castillejo',21,'Midfielder','Spain'),
	(966,'Rodri Hernández',20,'Midfielder','Spain'),
	(967,'Pablo Larrea',22,'Midfielder','Spain'),
	(968,'D. Cheryshev',25,'Midfielder','Russia'),
	(969,'R. Soriano',25,'Midfielder','Italy'),
	(970,'Bruno',32,'Midfielder','Italy'),
	(971,'A. NDiaye',26,'Midfielder','Spain'),
	(972,'J. dos Santos',26,'Midfielder','Spain'),
	(973,'Alexandre Pato',27,'Forward','Spain'),
	(974,'R. Borre',21,'Forward','Spain'),
	(975,'Aitor Cantalapiedra',20,'Forward','Spain'),
	(976,'Mario González',20,'Forward','Spain'),
	(977,'N. Sansone',25,'Forward','Spain'),
	(978,'Soldado',31,'Forward','Uruguay'),
	(979,'C. Bakambu',25,'Forward','Uruguay'),
	(980,'L. Suárez',20,'Forward','Uruguay'),
	(981,'A. Luthe',29,'Goalkeeper','Germany'),
	(982,'I. Gelios',24,'Goalkeeper','Uruguay'),
	(983,'M. Hitz',29,'Goalkeeper','Uruguay'),
	(984,'J. Gouweleeuw',25,'Defender','Germany'),
	(985,'K. Stafylidis',22,'Defender','Germany'),
	(986,'T. Rieder',23,'Defender','Germany'),
	(987,'M. Hinteregger',24,'Defender','Germany'),
	(988,'P. Max',23,'Defender','Germany'),
	(989,'P. Verhaegh',33,'Defender','Germany'),
	(990,'J. Callsen-Bracker',32,'Defender','Germany'),
	(991,'M. Friedrich',20,'Defender','Germany'),
	(992,'R. Framberger',21,'Defender','Germany'),
	(993,'C. Janker',31,'Defender','Germany'),
	(994,'D. Opare',26,'Defender','Germany'),
	(995,'D. Kohr',22,'Midfielder','Germany'),
	(996,'M. Schuster',21,'Midfielder','Germany'),
	(997,'J. Schmid',26,'Midfielder','Germany'),
	(998,'Caiuby',28,'Midfielder','Germany'),
	(999,'D. Baier',32,'Midfielder','Brazil'),
	(1000,'Halil Altintop',33,'Midfielder','Turkey'),
	(1001,'T. Usami',24,'Midfielder','Japan'),
	(1002,'G. Kacar',29,'Midfielder','Germany'),
	(1003,'Ja-Cheol Koo',27,'Midfielder','Korean'),
	(1004,'J. Moravek',27,'Midfielder','Italy'),
	(1005,'G. Teigl',25,'Midfielder','Italy'),
	(1006,'M. Feulner',34,'Midfielder','Germany'),
	(1007,'R. Bobadilla',29,'Forward','New Zealand'),
	(1008,'A. Finnbogason',27,'Forward','Iceland'),
	(1009,'Dong-Won Ji',25,'Forward','Korean'),
	(1010,'J. Schmidt',22,'Forward','Germany'),
	(1011,'N. Lomb',23,'Goalkeeper','Germany'),
	(1012,'R. Özcan',32,'Goalkeeper','Germany'),
	(1013,'B. Leno',24,'Goalkeeper','Germany'),
	(1014,'L. Boeder',19,'Defender','Germany'),
	(1015,'O. Toprak',27,'Defender','Germany'),
	(1016,'R. Hilbert',32,'Defender','Germany'),
	(1017,'T. Jedvaj',20,'Defender','Germany'),
	(1018,'A. Dragovic',25,'Defender','Brazil'),
	(1019,'Wendell',23,'Defender','England'),
	(1020,'J. Tah',20,'Defender','Italy'),
	(1021,'D. da Costa',23,'Defender','Germany'),
	(1022,'L. Bender',27,'Midfielder','Germany'),
	(1023,'V. Yurchenko',22,'Midfielder','Germany'),
	(1024,'K. Bellarabi',26,'Midfielder','Germany'),
	(1025,'C. Aránguiz',27,'Midfielder','Germany'),
	(1026,'J. Baumgartlinger',28,'Midfielder','Germany'),
	(1027,'K. Kampl',26,'Midfielder','Germany'),
	(1028,'B. Henrichs',19,'Midfielder','Germany'),
	(1029,'K. Havertz',17,'Midfielder','Germany'),
	(1030,'J. Brandt',20,'Forward','Germany'),
	(1031,'K. Volland',24,'Forward','Germany'),
	(1032,'A. Mehmedi',25,'Forward','Germany'),
	(1033,'R. Kruse',28,'Forward','New Zealand'),
	(1034,'J. Hernández',28,'Forward','Mexico'),
	(1035,'S. Kiebling',32,'Forward','Germany'),
	(1036,'H. Calhanoglu',22,'Forward','Turkey'),
	(1037,'J. Pohjanpalo',22,'Forward','Swanden'),
	(1038,'T. Starke',35,'Goalkeeper','Germany'),
	(1039,'M. Neuer',30,'Goalkeeper','Germany'),
	(1040,'S. Ulreich',28,'Goalkeeper','Germany'),
	(1041,'M. Hummels',27,'Defender','Germany'),
	(1042,'P. Lahm',32,'Defender','Germany'),
	(1043,'H. Badstuber',27,'Defender','Germany'),
	(1044,'J. Boateng',28,'Defender','Germany'),
	(1045,'D. Alaba',24,'Defender','Austria'),
	(1046,'Rafinha',31,'Defender','Brazil'),
	(1047,'Thiago Alcantara',25,'Midfielder','Spain'),
	(1048,'Juan Bernat',23,'Midfielder','Spain'),
	(1049,'F. Benko',18,'Midfielder','Germany'),
	(1050,'N. Dorsch',18,'Midfielder','Germany'),
	(1051,'J. Kimmich',21,'Midfielder','Germany'),
	(1052,'Douglas Costa',26,'Midfielder','Brazil'),
	(1053,'Xabi Alonso',34,'Midfielder','Spain'),
	(1054,'A. Robben',32,'Midfielder','Netherlands'),
	(1055,'A. Vidal',29,'Midfielder','Chile'),
	(1056,'Renato Sanches',19,'Midfielder','Portugal'),
	(1057,'F. Ribéry',33,'Midfielder','France'),
	(1058,'E. Ozturk',20,'Midfielder','Germany'),
	(1059,'Javi Martínez',28,'Midfielder','Spain'),
	(1060,'F. Gotze',17,'Forward','Germany'),
	(1061,'T. Müller',27,'Forward','Germany'),
	(1062,'R. Lewandowski',28,'Forward','Poland'),
	(1063,'J. Green',21,'Forward','America'),
	(1064,'K. Coman',20,'Forward','France'),
	(1065,'R. Weidenfeller',36,'Goalkeeper','Germany'),
	(1066,'H. Bonmann',22,'Goalkeeper','Germany'),
	(1067,'R. Bürki',25,'Goalkeeper','Germany'),
	(1068,'Joo-Ho Park',29,'Defender','Koean'),
	(1069,'M. Schmelzer',28,'Defender','Germany'),
	(1070,'Bartra',25,'Defender','Germany'),
	(1071,'M. Ginter',22,'Defender','Germany'),
	(1072,'D. Burnic',18,'Defender','Germany'),
	(1073,'L. Piszczek',31,'Defender','Germany'),
	(1074,'Raphael Guerreiro',22,'Defender','Germany'),
	(1075,'S. Papastathopoulos',28,'Defender','Greece'),
	(1076,'N. Subotic',27,'Defender','Germany'),
	(1077,'E. Durm',24,'Defender','Germany'),
	(1078,'J. Weigl',21,'Midfielder','Germany'),
	(1079,'Mikel Merino',20,'Midfielder','Germany'),
	(1080,'J. Larsen',18,'Midfielder','Germany'),
	(1081,'F. Passlack',18,'Midfielder','Germany'),
	(1082,'O. Dembele',19,'Midfielder','France'),
	(1083,'E. Mor',19,'Midfielder','Germany'),
	(1084,'G. Castro',29,'Midfielder','Germany'),
	(1085,'A. Schürrle',26,'Midfielder','Germany'),
	(1086,'S. Kagawa',27,'Midfielder','Japan'),
	(1087,'S. Rode',26,'Midfielder','Germany'),
	(1088,'N. Sahin',28,'Midfielder','Germany'),
	(1089,'M. Götze',24,'Midfielder','Germany'),
	(1090,'S. Bender',27,'Midfielder','Germany'),
	(1091,'P. Aubameyang',27,'Forward','Germany'),
	(1092,'M. Reus',27,'Forward','Germany'),
	(1093,'A. Ramos',30,'Forward','Columbia'),
	(1094,'T. Sippel',28,'Goalkeeper','Germany'),
	(1095,'C. Heimeroth',35,'Goalkeeper','Germany'),
	(1096,'Y. Sommer',27,'Goalkeeper','Germany'),
	(1097,'M. Nicolas',19,'Goalkeeper','Germany'),
	(1098,'T. Strobl',26,'Defender','Germany'),
	(1099,'N. Elvedi',20,'Defender','Germany'),
	(1100,'J. Vestergaard',24,'Defender','Germany'),
	(1101,'N. Rütten',21,'Defender','Germany'),
	(1102,'N. Schulz',23,'Defender','Germany'),
	(1103,'Alvaro Domínguez',27,'Defender','Italy'),
	(1104,'T. Jantschke',26,'Defender','Italy'),
	(1105,'A. Christensen',20,'Defender','Italy'),
	(1106,'M. Doucouré',18,'Defender','Germany'),
	(1107,'O. Wendt',31,'Defender','Germany'),
	(1108,'W. Ndenge',19,'Midfielder','Germany'),
	(1109,'D. Sow',19,'Midfielder','Germany'),
	(1110,'M. Dahoud',20,'Midfielder','Germany'),
	(1111,'L. Bénes',19,'Midfielder','Uruguay'),
	(1112,'M. Schulz',21,'Midfielder','Uruguay'),
	(1113,'J. Korb',24,'Midfielder','Uruguay'),
	(1114,'L. Stindl',28,'Midfielder','Uruguay'),
	(1115,'F. Johnson',28,'Midfielder','Spain'),
	(1116,'I. Traore',28,'Midfielder','Spain'),
	(1117,'A. Hahn',26,'Midfielder','Spain'),
	(1118,'P. Herrmann',25,'Midfielder','Spain'),
	(1119,'T. Hazard',23,'Midfielder','Germany'),
	(1120,'J. Hofmann',24,'Midfielder','Germany'),
	(1121,'C. Kramer',25,'Midfielder','Germany'),
	(1122,'Raffael',31,'Forward','Germany'),
	(1123,'J. Drmic',24,'Forward','Germany'),
	(1124,'M. Esser',28,'Goalkeeper','Italy'),
	(1125,'I. Berezovskiy',26,'Goalkeeper','Italy'),
	(1126,'Daniel Heuer',23,'Goalkeeper','Italy'),
	(1127,'F. Holland',26,'Defender','Italy'),
	(1128,'S. Sirigu',28,'Defender','France'),
	(1129,'A. Milosevic',24,'Defender','France'),
	(1130,'A. Fedetskiy',31,'Defender','France'),
	(1131,'B. Gorka',32,'Defender','France'),
	(1132,'I. Hohn',24,'Defender','England'),
	(1133,'D. Thur',18,'Defender','England'),
	(1134,'J. Wolff',18,'Defender','England'),
	(1135,'C. Aydogan',17,'Defender','Germany'),
	(1136,'L. Guwara',20,'Defender','Germany'),
	(1137,'A. Sulu',30,'Defender','Germany'),
	(1138,'L. Fisch',17,'Midfielder','Germany'),
	(1139,'L. Kleinheisler',22,'Midfielder','Germany'),
	(1140,'J. Gondorf',28,'Midfielder','Germany'),
	(1141,'F. Jungwirth',27,'Midfielder','Germany'),
	(1142,'M. Vrancic',27,'Midfielder','Germany'),
	(1143,'M. Heller',30,'Midfielder','Germany'),
	(1144,'P. Niemeyer',32,'Midfielder','Germany'),
	(1145,'J. Rosenthal',30,'Midfielder','Germany'),
	(1146,'V. Obinna',29,'Forward','Germany'),
	(1147,'D. Stroh-Engel',30,'Forward','Germany'),
	(1148,'F. Platte',20,'Forward','Chile'),
	(1149,'A. Colak',23,'Forward','Chile'),
	(1150,'D. Oliynyk',29,'Forward','Chile'),
	(1151,'R. Bezjak',27,'Forward','Chile'),
	(1152,'S. Schipplock',28,'Forward','Chile'),
	(1153,'A. Ben-Hatira',28,'Forward','Turkey'),
	(1154,'H. Lindner',26,'Goalkeeper','Germany'),
	(1155,'L. Batge',19,'Goalkeeper','Germany'),
	(1156,'L. Hradecky',26,'Goalkeeper','Germany'),
	(1157,'Y. Regasel',20,'Defender','Germany'),
	(1158,'F. Zorba',18,'Defender','Germany'),
	(1159,'T. Tawatha',24,'Defender','Germany'),
	(1160,'M. Hector',24,'Defender','Germany'),
	(1161,'T. Chandler',26,'Defender','Greece'),
	(1162,'Jesús Vallejo',19,'Defender','Greece'),
	(1163,'G. Varela',23,'Defender','Greece'),
	(1164,'Anderson Bamba',28,'Defender','Germany'),
	(1165,'B. Oczipka',27,'Defender','Germany'),
	(1166,'D. Abraham',30,'Defender','Germany'),
	(1167,'M. Russ',31,'Defender','Germany'),
	(1168,'Omar Mascarell',23,'Midfielder','Germany'),
	(1169,'M. Gacinovic',21,'Midfielder','Germany'),
	(1170,'M. Stendera',20,'Midfielder','Germany'),
	(1171,'M. Hasebe',32,'Midfielder','Japan'),
	(1172,'A. Barkok',18,'Midfielder','Germany'),
	(1173,'J. Gerezgiher',21,'Midfielder','Germany'),
	(1174,'S. Medojevic',26,'Midfielder','Germany'),
	(1175,'J. Flum',28,'Midfielder','Germany'),
	(1176,'S. Huszti',33,'Midfielder','Germany'),
	(1177,'E. Bunjaki',19,'Forward','Germany'),
	(1178,'D. Blum',25,'Forward','Germany'),
	(1179,'A. Meier',33,'Forward','Germany'),
	(1180,'H. Seferovic',24,'Forward','Swanden'),
	(1181,'B. Hrgota',23,'Forward','Swanden'),
	(1182,'A. Rebic',23,'Forward','Swanden'),
	(1183,'S. Tarashaj',21,'Forward','Swanden'),
	(1184,'R. Gikiewicz',29,'Goalkeeper','Germany'),
	(1185,'P. Klandt',33,'Goalkeeper','Germany'),
	(1186,'A. Schwolow',24,'Goalkeeper','Germany'),
	(1187,'M. Gulde',25,'Defender','Germany'),
	(1188,'L. Kübler',24,'Defender','Germany'),
	(1189,'C. Günter',23,'Defender','Germany'),
	(1190,'M. Kempf',21,'Defender','Germany'),
	(1191,'J. Fohrenbach',20,'Defender','Germany'),
	(1192,'A. Ignjovski',25,'Defender','Germany'),
	(1193,'C. Söyüncü',20,'Defender','Italy'),
	(1194,'G. Niedermeier',30,'Defender','Italy'),
	(1195,'Torrejón',30,'Defender','Italy'),
	(1196,'P. Stenzel',20,'Defender','Italy'),
	(1197,'J. Haberer',22,'Midfielder','France'),
	(1198,'O. Bulut',22,'Midfielder','France'),
	(1199,'M. Philipp',22,'Midfielder','France'),
	(1200,'V. Grifo',23,'Midfielder','France'),
	(1201,'J. Meffert',22,'Midfielder','Germany'),
	(1202,'C. Laprevotte',24,'Midfielder','Germany'),
	(1203,'M. Frantz',30,'Midfielder','Germany'),
	(1204,'M. Dahli',21,'Midfielder','Germany'),
	(1205,'L. Hufnagel',22,'Midfielder','Germany'),
	(1206,'A. Abrashi',26,'Midfielder','Germany'),
	(1207,'J. Schuster',31,'Midfielder','Germany'),
	(1208,'N. Hofler',26,'Midfielder','Germany'),
	(1209,'K. Guede',31,'Forward','Germany'),
	(1210,'F. Niederlechner',26,'Forward','England'),
	(1211,'N. Petersen',27,'Forward','England'),
	(1212,'A. Falahen',23,'Forward','England'),
	(1213,'H. Nielsen',23,'Forward','England'),
	(1214,'T. Mickel',27,'Goalkeeper','Germany'),
	(1215,'A. Hirzel',23,'Goalkeeper','Germany'),
	(1216,'C. Mathenia',24,'Goalkeeper','Germany'),
	(1217,'R. Adler',31,'Goalkeeper','Germany'),
	(1218,'Cleber Reis',25,'Defender','Germany'),
	(1219,'M. Ostrzolek',26,'Defender','Germany'),
	(1220,'Young-Jae Seo',21,'Defender','Germany'),
	(1221,'Douglas Santos',22,'Defender','Germany'),
	(1222,'G. Sakai',25,'Defender','Germany'),
	(1223,'J. Djourou',29,'Defender','Norway'),
	(1224,'G. Jung',22,'Defender','Norway'),
	(1225,'E. Spahic',36,'Defender','Norway'),
	(1226,'D. Diekmeier',27,'Defender','Norway'),
	(1227,'A. Gotz',23,'Defender','Spain'),
	(1228,'D. Feka',19,'Midfielder','Spain'),
	(1229,'F. Porath',19,'Midfielder','Spain'),
	(1230,'A. Halilovic',20,'Midfielder','Spain'),
	(1231,'F. Ronstadt',19,'Midfielder','Italy'),
	(1232,'M. Gregoritsch',22,'Midfielder','Italy'),
	(1233,'A. Ekdal',27,'Midfielder','Italy'),
	(1234,'A. Hunt',30,'Midfielder','Austria'),
	(1235,'N. Müller',29,'Midfielder','Austria'),
	(1236,'L. Holtby',26,'Midfielder','Austria'),
	(1237,'F. Kostic',24,'Midfielder','Germany'),
	(1238,'N. Bahoui',25,'Midfielder','Germany'),
	(1239,'B. Jatta',18,'Forward','Germany'),
	(1240,'M. Kohlert',18,'Forward','Germany'),
	(1241,'B. Wood',23,'Forward','Germany'),
	(1242,'P. Lasogga',24,'Forward','Germany'),
	(1243,'L. Waldschmidt',20,'Forward','Germany'),
	(1244,'Nils-Jonathan Korber',19,'Goalkeeper','Germany'),
	(1245,'T. Kraft',28,'Goalkeeper','Germany'),
	(1246,'R. Jarstein',32,'Goalkeeper','Germany'),
	(1247,'J. Brooks',23,'Defender','Germany'),
	(1248,'P. Pekarík',30,'Defender','Germany'),
	(1249,'M. Plattenhardt',24,'Defender','Germany'),
	(1250,'N. Stark',21,'Defender','Germany'),
	(1251,'M. Weiser',22,'Defender','Germany'),
	(1252,'S. Langkamp',28,'Defender','Germany'),
	(1253,'F. Baak',17,'Defender','Germany'),
	(1254,'F. Lustenberger',28,'Defender','Germany'),
	(1255,'M. Mittelstadt',19,'Defender','Germany'),
	(1256,'J. Kade',17,'Midfielder','Germany'),
	(1257,'Allan',19,'Midfielder','Germany'),
	(1258,'O. Duda',21,'Midfielder','Germany'),
	(1259,'S. Kurt',20,'Midfielder','Germany'),
	(1260,'F. Kohls',21,'Midfielder','Germany'),
	(1261,'A. Esswein',26,'Midfielder','Germany'),
	(1262,'V. Stocker',27,'Midfielder','Germany'),
	(1263,'P. Skjelbred',29,'Midfielder','Germany'),
	(1264,'A. Baumjohann',29,'Midfielder','Greece'),
	(1265,'V. Darida',26,'Midfielder','Greece'),
	(1266,'J. Hegeler',28,'Midfielder','Greece'),
	(1267,'G. Haraguchi',25,'Midfielder','Greece'),
	(1268,'S. Kalou',31,'Forward','Greece'),
	(1269,'V. Ibisevic',32,'Forward','Greece'),
	(1270,'J. Schieber',27,'Forward','Italy'),
	(1271,'S. Allagui',30,'Forward','Italy'),
	(1272,'O. Baumann',26,'Goalkeeper','Germany'),
	(1273,'G. Kobel',18,'Goalkeeper','Germany'),
	(1274,'A. Stolz',33,'Goalkeeper','Germany'),
	(1275,'N. Süle',21,'Defender','Germany'),
	(1276,'B. Hübner',27,'Defender','Germany'),
	(1277,'Jin-Su Kim',24,'Defender','Germany'),
	(1278,'E. Bicakcic',26,'Defender','France'),
	(1279,'F. Schar',24,'Defender','France'),
	(1280,'J. Toljan',22,'Defender','France'),
	(1281,'P. Kaderabek',24,'Defender','France'),
	(1282,'K. Demirbay',23,'Midfielder','France'),
	(1283,'D. Geiger',18,'Midfielder','Italy'),
	(1284,'P. Ochs',19,'Midfielder','Italy'),
	(1285,'N. Amiri',20,'Midfielder','Italy'),
	(1286,'L. Rupp',25,'Midfielder','Spain'),
	(1287,'S. Rudy',26,'Midfielder','Spain'),
	(1288,'S. Zuber',25,'Midfielder','Spain'),
	(1289,'J. Hamad',26,'Midfielder','Spain'),
	(1290,'P. Schwegler',29,'Midfielder','Germany'),
	(1291,'E. Polanski',30,'Midfielder','Germany'),
	(1292,'K. Vogt',25,'Midfielder','Germany'),
	(1293,'B. Atik',21,'Forward','Germany'),
	(1294,'E. Vargas',26,'Forward','Germany'),
	(1295,'S. Wagner',28,'Forward','Germany'),
	(1296,'M. Terrazzino',25,'Forward','Germany'),
	(1297,'M. Uth',25,'Forward','Germany'),
	(1298,'Á. Szalai',28,'Forward','Germany'),
	(1299,'A. Kramaric',25,'Forward','Germany'),
	(1300,'O. Nyland',26,'Goalkeeper','Germany'),
	(1301,'C. Ortag',21,'Goalkeeper','Germany'),
	(1302,'M. Hansen',26,'Goalkeeper','Germany'),
	(1303,'F. Buntic',19,'Goalkeeper','Germany'),
	(1304,'F. Hadergjonaj',22,'Defender','Germany'),
	(1305,'T. Levels',29,'Defender','Germany'),
	(1306,'M. Tisserand',23,'Defender','Germany'),
	(1307,'R. Brégerie',30,'Defender','Germany'),
	(1308,'H. Wahl',22,'Defender','Germany'),
	(1309,'M. Matip',31,'Defender','Germany'),
	(1310,'M. Suttner',29,'Defender','Germany'),
	(1311,'A. Jung',25,'Defender','Italy'),
	(1312,'M. Multhaup',19,'Midfielder','Italy'),
	(1313,'S. Kittel',23,'Midfielder','Italy'),
	(1314,'A. Cohen',28,'Midfielder','France'),
	(1315,'Roger',31,'Midfielder','France'),
	(1316,'N. Rinderknecht',19,'Midfielder','France'),
	(1317,'M. Christiansen',20,'Midfielder','France'),
	(1318,'A. Morales',26,'Midfielder','Greece'),
	(1319,'P. Grop',25,'Midfielder','Greece'),
	(1320,'L. Hinterseer',25,'Forward','Greece'),
	(1321,'D. Lezcano',26,'Forward','England'),
	(1322,'M. Hartmann',30,'Forward','England'),
	(1323,'M. Leckie',25,'Forward','England'),
	(1324,'R. Leipertz',23,'Forward','England'),
	(1325,'S. Lex',26,'Forward','England'),
	(1326,'T. Horn',23,'Goalkeeper','Germany'),
	(1327,'S. Müller',20,'Goalkeeper','Germany'),
	(1328,'M. Hamrol',22,'Goalkeeper','Germany'),
	(1329,'T. Kessler',30,'Goalkeeper','Germany'),
	(1330,'L. Klünter',20,'Defender','Germany'),
	(1331,'F. Mladenovic',25,'Defender','Germany'),
	(1332,'D. Heintz',23,'Defender','Germany'),
	(1333,'P. Olkowski',26,'Defender','Germany'),
	(1334,'F. Sorensen',24,'Defender','Germany'),
	(1335,'J. Hector',26,'Defender','Italy'),
	(1336,'K. Rausch',26,'Defender','Italy'),
	(1337,'D. Maroh',29,'Defender','Italy'),
	(1338,'M. Mavraj',30,'Defender','France'),
	(1339,'M. Hartel',20,'Midfielder','France'),
	(1340,'S. Ozcan',18,'Midfielder','France'),
	(1341,'M. Höger',27,'Midfielder','Germany'),
	(1342,'L. Bittencourt',22,'Midfielder','Germany'),
	(1343,'M. Risse',26,'Midfielder','Germany'),
	(1344,'M. Lehmann',33,'Midfielder','Germany'),
	(1345,'M. Jojic',24,'Midfielder','Germany'),
	(1346,'A. Modeste',28,'Forward','Germany'),
	(1347,'Y. Osako',26,'Forward','Spain'),
	(1348,'S. Zoller',25,'Forward','Spain'),
	(1349,'A. Rudnevs',28,'Forward','Spain'),
	(1350,'S. Guirassy',20,'Forward','Spain'),
	(1351,'F. Müller',18,'Goalkeeper','Germany'),
	(1352,'J. Lössl',27,'Goalkeeper','Germany'),
	(1353,'J. Huth',22,'Goalkeeper','Germany'),
	(1354,'G. Curci',31,'Goalkeeper','Germany'),
	(1355,'A. Hack',23,'Defender','Germany'),
	(1356,'S. Bell',25,'Defender','Germany'),
	(1357,'G. Donati',26,'Defender','Germany'),
	(1358,'G. Bussmann',25,'Defender','Germany'),
	(1359,'D. Brosinski',28,'Defender','Germany'),
	(1360,'N. Bungert',30,'Defender','Germany'),
	(1361,'L. Balogun',28,'Defender','Germany'),
	(1362,'B. Halimi',21,'Midfielder','Germany'),
	(1363,'Jairo Samperio',23,'Midfielder','Germany'),
	(1364,'G. Holtmann',21,'Midfielder','Germany'),
	(1365,'L. Oztunali',20,'Midfielder','Germany'),
	(1366,'Andre Ramalho',24,'Midfielder','Germany'),
	(1367,'J. Gbamin',21,'Midfielder','Germany'),
	(1368,'Jose Rodríguez',21,'Midfielder','Germany'),
	(1369,'D. Latza',26,'Midfielder','Italy'),
	(1370,'C. Clemens',25,'Midfielder','Spain'),
	(1371,'F. Frei',27,'Midfielder','Spain'),
	(1372,'S. Serdar',19,'Midfielder','Spain'),
	(1373,'P. Klement',24,'Midfielder','Spain'),
	(1374,'Y. Malli',24,'Midfielder','Spain'),
	(1375,'E. Berggreen',23,'Forward','Spain'),
	(1376,'Y. Muto',24,'Forward','Spain'),
	(1377,'P. De Blasis',28,'Forward','Spain'),
	(1378,'K. Onisiwo',24,'Forward','France'),
	(1379,'J. Cordoba',23,'Forward','France'),
	(1380,'P. Gulácsi',26,'Goalkeeper','Germany'),
	(1381,'F. Coltorti',35,'Goalkeeper','Germany'),
	(1382,'M. Müller',23,'Goalkeeper','Germany'),
	(1383,'W. Orban',24,'Defender','Germany'),
	(1384,'B. Schmitz',21,'Defender','Germany'),
	(1385,'K. Gipson',20,'Defender','Germany'),
	(1386,'L. Klostermann',20,'Defender','Germany'),
	(1387,'M. Halstenberg',25,'Defender','Germany'),
	(1388,'K. Papadopoulos',24,'Defender','Germany'),
	(1389,'M. Compper',31,'Defender','Germany'),
	(1390,'D. Kaiser',28,'Midfielder','Germany'),
	(1391,'S. Ilsanker',27,'Midfielder','Germany'),
	(1392,'Z. Kalmár',21,'Midfielder','Germany'),
	(1393,'N. Keita',21,'Midfielder','Germany'),
	(1394,'Bernardo',21,'Midfielder','Germany'),
	(1395,'M. Sabitzer',22,'Midfielder','Germany'),
	(1396,'O. Burke',19,'Midfielder','Germany'),
	(1397,'D. Demme',24,'Midfielder','Germany'),
	(1398,'R. Khedira',22,'Midfielder','Spain'),
	(1399,'D. Selke',21,'Forward','Spain'),
	(1400,'Y. Poulsen',22,'Forward','Spain'),
	(1401,'E. Forsberg',25,'Forward','Spain'),
	(1402,'T. Boyd',25,'Forward','Spain'),
	(1403,'T. Werner',20,'Forward','Spain'),
	(1404,'A. Nübel',20,'Goalkeeper','Germany'),
	(1405,'T. Wellenreuther',20,'Goalkeeper','Germany'),
	(1406,'R. Fahrmann',28,'Goalkeeper','Germany'),
	(1407,'F. Giefer',26,'Goalkeeper','Germany'),
	(1408,'Junior Caicara',27,'Defender','Germany'),
	(1409,'P. Neumann',19,'Defender','Germany'),
	(1410,'M. Nastasic',23,'Defender','Germany'),
	(1411,'Naldo',34,'Defender','Germany'),
	(1412,'S. Kolasinac',23,'Defender','Germany'),
	(1413,'A. Baba',22,'Defender','Germany'),
	(1414,'B. Höwedes',28,'Defender','Germany'),
	(1415,'T. Kehrer',20,'Defender','Germany'),
	(1416,'J. Bitter',19,'Defender','Germany'),
	(1417,'D. Aogo',29,'Defender','Germany'),
	(1418,'Coke',29,'Defender','Brazil'),
	(1419,'A. Uchida',28,'Defender','Brazil'),
	(1420,'S. Riether',33,'Defender','Brazil'),
	(1421,'A. Schopf',22,'Midfielder','Brazil'),
	(1422,'N. Bentaleb',21,'Midfielder','Brazil'),
	(1423,'B. Stambouli',26,'Midfielder','Chile'),
	(1424,'S. Sam',28,'Midfielder','Chile'),
	(1425,'M. Meyer',21,'Midfielder','Chile'),
	(1426,'Y. Konoplyanka',27,'Midfielder','Chile'),
	(1427,'L. Goretzka',21,'Midfielder','Germany'),
	(1428,'J. Geis',23,'Midfielder','Germany'),
	(1429,'B. Tekpetey',19,'Forward','Germany'),
	(1430,'K. Huntelaar',33,'Forward','Germany'),
	(1431,'F. Reese',18,'Forward','Germany'),
	(1432,'F. Di Santo',27,'Forward','Germany'),
	(1433,'D. Avdijaj',20,'Forward','Germany'),
	(1434,'B. Embolo',19,'Forward','Germany'),
	(1435,'E. Choupo-Moting',27,'Forward','Germany'),
	(1436,'M. Zetterer',21,'Goalkeeper','Germany'),
	(1437,'R. Wolf',28,'Goalkeeper','Germany'),
	(1438,'E. Oelschlagel',21,'Goalkeeper','Germany'),
	(1439,'J. Drobny',37,'Goalkeeper','Germany'),
	(1440,'F. Wiedwald',26,'Goalkeeper','Germany'),
	(1441,'L. Sane',29,'Defender','Germany'),
	(1442,'L. Caldirola',25,'Defender','Germany'),
	(1443,'J. Sternberg',24,'Defender','Germany'),
	(1444,'S. García',28,'Defender','France'),
	(1445,'F. Diagne',27,'Defender','France'),
	(1446,'T. Gebre Selassie',29,'Defender','France'),
	(1447,'U. Garcia',20,'Defender','France'),
	(1448,'R. Bauer',21,'Defender','Columbia'),
	(1449,'N. Moisander',31,'Defender','Columbia'),
	(1450,'M. Veljkovic',21,'Midfielder','Columbia'),
	(1451,'N. Schmidt',18,'Midfielder','Columbia'),
	(1452,'F. Grillitsch',21,'Midfielder','Columbia'),
	(1453,'S. Gnabry',21,'Midfielder','Spain'),
	(1454,'F. Kainz',24,'Midfielder','Spain'),
	(1455,'M. Eggestein',19,'Midfielder','Spain'),
	(1456,'L. Frode',21,'Midfielder','Spain'),
	(1457,'I. Hajrovic',25,'Midfielder','Spain'),
	(1458,'P. Bargfrede',27,'Midfielder','Italy'),
	(1459,'F. Bartels',29,'Midfielder','Italy'),
	(1460,'Z. Junuzovic',29,'Midfielder','Italy'),
	(1461,'T. Petsos',25,'Midfielder','Italy'),
	(1462,'J. Eilers',28,'Midfielder','Germany'),
	(1463,'C. Fritz',35,'Midfielder','Germany'),
	(1464,'S. Yatabare',27,'Midfielder','Germany'),
	(1465,'L. Thy',24,'Attacker','Germany'),
	(1466,'J. Eggestein',18,'Attacker','Germany'),
	(1467,'C. Pizarro',38,'Attacker','Germany'),
	(1468,'O. Manneh',19,'Attacker','Germany'),
	(1469,'M. Kruse',28,'Attacker','Germany'),
	(1470,'A. Jóhannsson',26,'Attacker','Germany'),
	(1471,'M. Lorenzen',21,'Attacker','Germany'),
	(1472,'D. Benaglio',33,'Goalkeeper','Germany'),
	(1473,'P. Menzel',18,'Goalkeeper','Germany'),
	(1474,'M. Grün',29,'Goalkeeper','Germany'),
	(1475,'K. Casteels',24,'Goalkeeper','Germany'),
	(1476,'R. Rodríguez',24,'Defender','Germany'),
	(1477,'P. Wollscheid',27,'Defender','Germany'),
	(1478,'J. Bruma',24,'Defender','Germany'),
	(1479,'R. Knoche',24,'Defender','Germany'),
	(1480,'R. Ziegele',19,'Defender','Germany'),
	(1481,'J. Horn',19,'Defender','Germany'),
	(1482,'H. Hansen',22,'Defender','Germany'),
	(1483,'C. Ascues',24,'Defender','Greece'),
	(1484,'M. Schäfer',32,'Defender','Greece'),
	(1485,'C. Träsch',29,'Defender','Greece'),
	(1486,'S. Jung',26,'Defender','Greece'),
	(1487,'A. Donkor',18,'Midfielder','Spain'),
	(1488,'A. Conde',19,'Midfielder','Spain'),
	(1489,'Luiz Gustavo',29,'Midfielder','Spain'),
	(1490,'J. Möbius',19,'Midfielder','Spain'),
	(1491,'I. Azzaoui',18,'Midfielder','Spain'),
	(1492,'J. Guilavogui',26,'Midfielder','England'),
	(1493,'Bruno Henrique',25,'Midfielder','England'),
	(1494,'Y. Gerhardt',22,'Midfielder','England'),
	(1495,'Vieirinha',30,'Midfielder','England'),
	(1496,'D. Caligiuri',28,'Midfielder','Italy'),
	(1497,'D. Didavi',26,'Midfielder','Italy'),
	(1498,'P. Seguin',21,'Midfielder','Italy'),
	(1499,'M. Arnold',22,'Midfielder','Iceland'),
	(1500,'J. Blaszczykowski',30,'Midfielder','Iceland'),
	(1501,'J. Draxler',23,'Midfielder','Iceland'),
	(1502,'Borja Mayoral',19,'Attacker','Germany'),
	(1503,'M. Gómez',31,'Attacker','Germany'),
	(1504,'J. Brekalo',18,'Attacker','Germany'),
	(1505,'Michael Zhu',31,'Attacker','Germany'),
	(1506,'Steve Chen',18,'Attacker','Germany');




-- club table
insert into club (club_id, club_name, home_stadium, league, country) VALUES
	(1,'Manchester United','Old Trafford','Premier League','England'),
	(2,'Manchester City','City of Manchester Stadium','Premier League','England'),
	(3,'Arsenal','Emirates Stadium','Premier League','England'),
	(4,'Chelsea','Stamford Bridge','Premier League','England'),
	(5,'Liverpool','Anfield','Premier League','England'),
	(6,'Tottenham Hotspur','White Hart Lane','Premier League','England'),
	(7,'Leicester City','King Power Stadium','Premier League','England'),
	(8,'Everton','Goodison Park','Premier League','England'),
	(9,'Southampton','St Mary Stadium','Premier League','England'),
	(10,'Bournemouth','Dean Court','Premier League','England'),
	(11,'Burnley','Turf Moor','Premier League','England'),
	(12,'Crystal Palace','Selhurst Park','Premier League','England'),
	(13,'Hull City','KCOM Stadium','Premier League','England'),
	(14,'Middlesbrough','Riverside Stadium','Premier League','England'),
	(15,'Stoke City','Bet365 Stadium','Premier League','England'),
	(16,'Sunderland','Stadium of Light','Premier League','England'),
	(17,'Swansea','Liberty Stadium','Premier League','England'),
	(18,'Watford','Vicarage Road','Premier League','England'),
	(19,'West Bromwich Albion','The Hawthorns','Premier League','England'),
	(20,'West Ham United','London Stadium','Premier League','England'),
	(21,'Real Madrid','Santiago Bernabéu Stadium','La Liga','Spain'),
	(22,'Barcelona','Camp Nou','La Liga','Spain'),
	(23,'Atletico Madrid','Vicente Calderón Stadium','La Liga','Spain'),
	(24,'Atletico Club','San Mamés Stadium','La Liga','Spain'),
	(25,'Celta de Vigo','Balaídos','La Liga','Spain'),
	(26,'Deportivo Alaves','Mendizorrotza Stadium','La Liga','Spain'),
	(27,'Deportivo La Coruna','Estadio Riazor','La Liga','Spain'),
	(28,'Eibar','Ipurua Municipal Stadium','La Liga','Spain'),
	(29,'Espanyol','RCDE Stadium','La Liga','Spain'),
	(30,'Granada','Los Cármenes','La Liga','Spain'),
	(31,'Las Palmas','Estadio Gran Canaria','La Liga','Spain'),
	(32,'Leganes','Estadio Municipal de Butarque','La Liga','Spain'),
	(33,'Malaga','La Rosaleda','La Liga','Spain'),
	(34,'Osasuna','El Sadar Stadium','La Liga','Spain'),
	(35,'Real Betis','Estadio Benito Villamarín','La Liga','Spain'),
	(36,'Real Sociedad','Anoeta Stadium','La Liga','Spain'),
	(37,'Sevilla','Ramón Sánchez Pizjuán','La Liga','Spain'),
	(38,'Sporting Gijon','El Molinón','La Liga','Spain'),
	(39,'Valencia','Mestalla Stadium','La Liga','Spain'),
	(40,'Villarreal','Estadio El Madrigal','La Liga','Spain'),
	(41,'Augsburg','Augsburg Arena','Bundesliga','Germany'),
	(42,'Bayer Leverkusen','BayArena','Bundesliga','Germany'),
	(43,'Bayer Munchen','Allianz Arena','Bundesliga','Germany'),
	(44,'Borussia Dortmund','Westfalenstadion','Bundesliga','Germany'),
	(45,'Borussia Mgladbach','Borussia-Park','Bundesliga','Germany'),
	(46,'Darmstadt 98','Jonathan-Heimes-Stadion am Böllenfalltor','Bundesliga','Germany'),
	(47,'Eintracht Frankfurt','Commerzbank-Arena','Bundesliga','Germany'),
	(48,'Freiburg','Schwarzwald-Stadion','Bundesliga','Germany'),
	(49,'Hamburger SV','Volksparkstadion','Bundesliga','Germany'),
	(50,'Hertha BSC','Olympiastadion Berlin','Bundesliga','Germany'),
	(51,'Hoffenheim','Rhein-Neckar-Arena','Bundesliga','Germany'),
	(52,'Ingolstadat','Audi Sportpark','Bundesliga','Germany'),
	(53,'Koln','RheinEnergieStadion','Bundesliga','Germany'),
	(54,'Mainz 05','Opel Arena','Bundesliga','Germany'),
	(55,'RB Leipzig','Red Bull Arena Leipzig','Bundesliga','Germany'),
	(56,'Schalke 04','Veltins-Arena','Bundesliga','Germany'),
	(57,'Werder Bremen','Weser-Stadion','Bundesliga','Germany'),
	(58,'Wolfsburg','Volkswagen Arena','Bundesliga','Germany');




-- manager table
insert into manager (manager_id, manager_name, age, country) VALUES
	(1,'Jose Mourinho',53,'Portugal'),
	(2,'Pep Guardiola',45,'Spain'),
	(3,'Arsène Wenger',67,'France'),
	(4,'Antonio Conte',47,'Italy'),
	(5,'Jürgen Klopp',49,'Germany'),
	(6,'Mauricio Pochettino',44,'Argentina'),
	(7,'Claudio Ranieri',65,'Italy'),
	(8,'Ronald Koeman',53,'Netherlands'),
	(9,'Claude Puel',55,'France'),
	(10,'Eddie Howe',38,'UK'),
	(11,'Sean Dyche',45,'UK'),
	(12,'Alan Pardew',55,'UK'),
	(13,'Mike Phelan',54,'UK'),
	(14,'Aitor Karanka',43,'Spain'),
	(15,'Mark Hughes',52,'UK'),
	(16,'David Moyes',53,'UK'),
	(17,'Bob Bradley',58,'USA'),
	(18,'Walter Mazzarri',55,'Italy'),
	(19,'Tony Pulis',58,'UK'),
	(20,'Slaven Bilic',48,'Croatia'),
	(21,'Zinedine Zidane',44,'France'),
	(22,'Luis Enrique',46,'Spain'),
	(23,'Diego Simeone',46,'Argentina'),
	(24,'Ernesto Valverde',52,'Spain'),
	(25,'Eduardo Berizzo',46,'Argentina'),
	(26,'Mauricio Pellegrino',45,'Argentina'),
	(27,'Gaizka Garitano',41,'Spain'),
	(28,'José Luis Mendilibar',55,'Spain'),
	(29,'Quique Sánchez Flores',51,'Spain'),
	(30,'Luis Lucas',50,'Spain'),
	(31,'Quique Setién',58,'Spain'),
	(32,'Asier Garitano',46,'Spain'),
	(33,'Juande Ramos',62,'Spain'),
	(34,'Enrique Martín Monreal',60,'Spain'),
	(35,'Gus Poyet',48,'Uruguay'),
	(36,'Eusebio Sacristán',52,'Spain'),
	(37,'JorgeSampaoli',56,'Argentina'),
	(38,'Abelardo Fernández',46,'Spain'),
	(39,'Cesare Prandelli',59,'Italy'),
	(40,'Fran Escribá',51,'Spain'),
	(41,'Dirk Schuster',48,'Germany'),
	(42,'Roger Schmidt',49,'Germany'),
	(43,'Carlo Ancelotti',57,'Italy'),
	(44,'Thomas Tuchel',43,'Germany'),
	(45,'André Schubert',45,'Germany'),
	(46,'Norbert Meier',58,'Germany'),
	(47,'Niko Kovac',45,'Croatia'),
	(48,'Christian Streich',51,'Germany'),
	(49,'Markus Gisdol',47,'Germany'),
	(50,'Pál Dárdai',40,'Hungary'),
	(51,'Julian Nagelsmann',29,'Germany'),
	(52,'Markus Kauczinski',46,'Germany'),
	(53,'Peter Stöger',50,'Austria'),
	(54,'Martin Schmidt',49,'Switzerland'),
	(55,'Ralph Hasenhüttl',49,'Austria'),
	(56,'Markus Weinzierl',41,'Germany'),
	(57,'Alexander Nouri',37,'Germany'),
	(58,'Valérien Ismaël',41,'France');


-- season table
insert into season (season_id, season_year) VALUES 
	(1, 2005),
	(2, 2006),
	(3, 2007),
	(4, 2008),
	(5, 2009),
	(6, 2010),
	(7, 2011),
	(8, 2012),
	(9, 2013),
	(10, 2014),
	(11, 2015),
	(12, 2016);


-- playerclub table
insert into playerclub (player_id, club_id, start_date, end_date) VALUES
	(1,1,'2016-03-17',0),
	(2,1,'2011-03-30',0),
	(3,1,'2010-06-04',0),
	(4,1,'2012-09-20',0),
	(5,1,'2014-08-03',0),
	(6,1,'2013-10-23',0),
	(7,1,'2014-08-12',0),
	(8,1,'2014-06-23',0),
	(9,1,'2014-12-09',0),
	(10,1,'2014-07-21',0),
	(11,1,'2011-10-27',0),
	(12,1,'2013-11-25',0),
	(13,1,'2016-07-18',0),
	(14,1,'2014-05-24',0),
	(15,1,'2010-02-26',0),
	(16,1,'2011-10-02',0),
	(17,1,'2014-05-20',0),
	(18,1,'2016-07-27',0),
	(19,1,'2015-04-09',0),
	(20,1,'2015-07-13',0),
	(21,1,'2010-05-03',0),
	(22,1,'2013-08-22',0),
	(23,1,'2016-02-24',0),
	(24,2,'2012-03-22',0),
	(25,2,'2014-08-10',0),
	(26,2,'2015-07-18',0),
	(27,2,'2009-09-07',0),
	(28,2,'2011-03-03',0),
	(29,2,'2015-03-26',0),
	(30,2,'2015-11-17',0),
	(31,2,'2011-03-21',0),
	(32,2,'2010-07-27',0),
	(33,2,'2016-07-30',0),
	(34,2,'2013-11-06',0),
	(35,2,'2014-12-11',0),
	(36,2,'2014-08-20',0),
	(37,2,'2015-10-12',0),
	(38,2,'2015-11-05',0),
	(39,2,'2014-04-17',0),
	(40,2,'2009-10-02',0),
	(41,2,'2013-04-19',0),
	(42,2,'2010-01-31',0),
	(43,2,'2016-02-11',0),
	(44,3,'2011-06-13',0),
	(45,3,'2014-07-11',0),
	(46,3,'2015-03-31',0),
	(47,3,'2015-11-01',0),
	(48,3,'2011-03-10',0),
	(49,3,'2009-10-04',0),
	(50,3,'2011-11-29',0),
	(51,3,'2013-10-23',0),
	(52,3,'2012-07-22',0),
	(53,3,'2012-12-24',0),
	(54,3,'2011-05-30',0),
	(55,3,'2012-09-14',0),
	(56,3,'2015-11-10',0),
	(57,3,'2013-03-29',0),
	(58,3,'2016-02-28',0),
	(59,3,'2012-04-11',0),
	(60,3,'2013-05-29',0),
	(61,3,'2012-08-24',0),
	(62,4,'2015-01-02',0),
	(63,4,'2016-03-12',0),
	(64,4,'2014-08-30',0),
	(65,4,'2014-12-20',0),
	(66,4,'2016-04-01',0),
	(67,4,'2015-09-26',0),
	(68,4,'2014-12-30',0),
	(69,4,'2015-02-15',0),
	(70,4,'2015-06-10',0),
	(71,4,'2016-05-29',0),
	(72,4,'2009-08-27',0),
	(73,4,'2011-08-25',0),
	(74,4,'2015-09-20',0),
	(75,4,'2016-02-17',0),
	(76,4,'2013-04-16',0),
	(77,4,'2014-04-17',0),
	(78,4,'2009-12-04',0),
	(79,4,'2012-07-03',0),
	(80,4,'2016-05-18',0),
	(81,5,'2013-12-27',0),
	(82,5,'2014-11-17',0),
	(83,5,'2012-06-02',0),
	(84,5,'2014-11-08',0),
	(85,5,'2014-01-10',0),
	(86,5,'2010-10-04',0),
	(87,5,'2009-12-15',0),
	(88,5,'2016-04-04',0),
	(89,5,'2009-01-13',0),
	(90,5,'2012-02-18',0),
	(91,5,'2012-09-05',0),
	(92,5,'2013-07-20',0),
	(93,5,'2010-11-02',0),
	(94,5,'2013-12-28',0),
	(95,5,'2010-01-04',0),
	(96,5,'2016-07-24',0),
	(97,5,'2011-03-11',0),
	(98,5,'2009-12-21',0),
	(99,6,'2011-05-18',0),
	(100,6,'2013-09-13',0),
	(101,6,'2014-10-09',0),
	(102,6,'2009-10-22',0),
	(103,6,'2013-12-17',0),
	(104,6,'2012-11-25',0),
	(105,6,'2009-08-07',0),
	(106,6,'2015-05-14',0),
	(107,6,'2015-05-23',0),
	(108,6,'2016-05-24',0),
	(109,6,'2009-04-27',0),
	(110,6,'2015-11-22',0),
	(111,6,'2009-12-03',0),
	(112,6,'2015-11-09',0),
	(113,6,'2012-02-21',0),
	(114,7,'2016-03-27',0),
	(115,7,'2015-11-20',0),
	(116,7,'2012-06-13',0),
	(117,7,'2010-01-16',0),
	(118,7,'2015-03-16',0),
	(119,7,'2013-11-21',0),
	(120,7,'2016-07-17',0),
	(121,7,'2016-06-01',0),
	(122,7,'2016-04-16',0),
	(123,7,'2016-08-02',0),
	(124,7,'2016-06-26',0),
	(125,7,'2012-04-29',0),
	(126,7,'2010-09-13',0),
	(127,8,'2012-08-16',0),
	(128,8,'2009-07-02',0),
	(129,8,'2012-09-03',0),
	(130,8,'2009-05-18',0),
	(131,8,'2013-04-22',0),
	(132,8,'2010-11-27',0),
	(133,8,'2015-09-27',0),
	(134,8,'2009-08-14',0),
	(135,8,'2011-07-10',0),
	(136,8,'2013-04-24',0),
	(137,8,'2014-09-24',0),
	(138,8,'2015-05-26',0),
	(139,8,'2015-09-22',0),
	(140,8,'2012-01-28',0),
	(141,8,'2012-02-10',0),
	(142,8,'2013-07-08',0),
	(143,9,'2016-01-03',0),
	(144,9,'2009-03-12',0),
	(145,9,'2010-12-01',0),
	(146,9,'2011-06-22',0),
	(147,9,'2012-04-15',0),
	(148,9,'2016-08-17',0),
	(149,9,'2010-07-18',0),
	(150,9,'2010-07-08',0),
	(151,9,'2011-06-08',0),
	(152,9,'2015-07-25',0),
	(153,9,'2015-10-12',0),
	(154,9,'2010-10-17',0),
	(155,9,'2010-12-24',0),
	(156,9,'2016-08-24',0),
	(157,9,'2012-11-17',0),
	(158,9,'2010-08-27',0),
	(159,9,'2014-01-13',0),
	(160,9,'2014-07-23',0),
	(161,9,'2011-08-10',0),
	(162,9,'2012-07-04',0),
	(163,9,'2011-11-14',0),
	(164,9,'2011-02-05',0),
	(165,9,'2009-04-20',0),
	(166,9,'2016-05-20',0),
	(167,9,'2009-07-24',0),
	(168,9,'2012-03-26',0),
	(169,9,'2010-06-20',0),
	(170,9,'2012-02-15',0),
	(171,9,'2010-09-01',0),
	(172,9,'2014-05-03',0),
	(173,10,'2013-03-01',0),
	(174,10,'2011-12-21',0),
	(175,10,'2014-04-10',0),
	(176,10,'2010-08-15',0),
	(177,10,'2009-02-01',0),
	(178,10,'2014-02-16',0),
	(179,10,'2014-02-05',0),
	(180,10,'2010-04-11',0),
	(181,10,'2011-08-02',0),
	(182,10,'2014-03-13',0),
	(183,10,'2015-07-04',0),
	(184,10,'2011-06-22',0),
	(185,10,'2014-02-25',0),
	(186,10,'2015-02-15',0),
	(187,10,'2013-09-24',0),
	(188,10,'2010-09-19',0),
	(189,10,'2013-12-28',0),
	(190,10,'2016-08-22',0),
	(191,10,'2009-08-08',0),
	(192,10,'2015-01-14',0),
	(193,10,'2015-04-14',0),
	(194,10,'2015-08-28',0),
	(195,10,'2014-11-11',0),
	(196,10,'2009-03-12',0),
	(197,10,'2012-02-12',0),
	(198,10,'2013-11-02',0),
	(199,10,'2011-02-21',0),
	(200,11,'2016-03-07',0),
	(201,11,'2011-10-13',0),
	(202,11,'2014-12-07',0),
	(203,11,'2016-03-26',0),
	(204,11,'2015-01-13',0),
	(205,11,'2013-01-11',0),
	(206,11,'2010-04-20',0),
	(207,11,'2009-08-23',0),
	(208,11,'2016-01-15',0),
	(209,11,'2013-02-28',0),
	(210,11,'2014-06-08',0),
	(211,11,'2016-05-19',0),
	(212,11,'2009-12-30',0),
	(213,11,'2016-04-28',0),
	(214,11,'2013-10-07',0),
	(215,11,'2010-10-10',0),
	(216,11,'2013-02-09',0),
	(217,11,'2013-12-07',0),
	(218,11,'2016-07-07',0),
	(219,11,'2012-05-18',0),
	(220,11,'2009-04-12',0),
	(221,11,'2010-03-17',0),
	(222,11,'2011-05-21',0),
	(223,12,'2014-04-23',0),
	(224,12,'2014-10-13',0),
	(225,12,'2015-10-11',0),
	(226,12,'2014-10-04',0),
	(227,12,'2015-01-15',0),
	(228,12,'2011-02-05',0),
	(229,12,'2015-10-21',0),
	(230,12,'2012-09-25',0),
	(231,12,'2012-08-08',0),
	(232,12,'2012-10-31',0),
	(233,12,'2011-05-22',0),
	(234,12,'2016-01-12',0),
	(235,12,'2015-07-01',0),
	(236,12,'2014-07-16',0),
	(237,12,'2011-02-12',0),
	(238,12,'2013-01-16',0),
	(239,12,'2010-07-06',0),
	(240,12,'2016-02-09',0),
	(241,12,'2010-09-06',0),
	(242,12,'2011-06-17',0),
	(243,12,'2012-10-07',0),
	(244,12,'2011-04-19',0),
	(245,12,'2011-04-21',0),
	(246,12,'2011-03-23',0),
	(247,12,'2015-11-28',0),
	(248,13,'2010-04-09',0),
	(249,13,'2015-10-15',0),
	(250,13,'2010-11-02',0),
	(251,13,'2010-03-05',0),
	(252,13,'2013-07-30',0),
	(253,13,'2012-04-29',0),
	(254,13,'2014-05-03',0),
	(255,13,'2012-06-26',0),
	(256,13,'2012-03-09',0),
	(257,13,'2013-06-24',0),
	(258,13,'2011-09-04',0),
	(259,13,'2013-08-19',0),
	(260,13,'2011-05-11',0),
	(261,13,'2011-08-30',0),
	(262,13,'2011-05-14',0),
	(263,13,'2011-03-17',0),
	(264,13,'2009-07-09',0),
	(265,13,'2009-01-04',0),
	(266,13,'2013-09-01',0),
	(267,13,'2009-10-07',0),
	(268,13,'2013-12-18',0),
	(269,13,'2014-09-24',0),
	(270,13,'2013-05-08',0),
	(271,13,'2012-05-07',0),
	(272,13,'2016-04-04',0),
	(273,13,'2013-05-25',0),
	(274,13,'2010-11-11',0),
	(275,13,'2012-01-13',0),
	(276,13,'2013-02-28',0),
	(277,13,'2011-08-10',0),
	(278,13,'2012-11-25',0),
	(279,13,'2014-05-26',0),
	(280,14,'2013-06-10',0),
	(281,14,'2014-10-20',0),
	(282,14,'2009-01-26',0),
	(283,14,'2010-01-02',0),
	(284,14,'2010-05-03',0),
	(285,14,'2015-05-21',0),
	(286,14,'2010-03-10',0),
	(287,14,'2011-11-13',0),
	(288,14,'2016-04-23',0),
	(289,14,'2014-06-16',0),
	(290,14,'2011-03-21',0),
	(291,14,'2010-12-31',0),
	(292,14,'2015-05-25',0),
	(293,14,'2013-06-27',0),
	(294,14,'2010-04-27',0),
	(295,14,'2013-11-18',0),
	(296,14,'2010-07-14',0),
	(297,14,'2010-01-21',0),
	(298,14,'2015-11-30',0),
	(299,14,'2014-05-26',0),
	(300,14,'2012-01-23',0),
	(301,14,'2010-10-07',0),
	(302,14,'2011-06-17',0),
	(303,14,'2010-08-18',0),
	(304,15,'2011-11-19',0),
	(305,15,'2010-02-17',0),
	(306,15,'2010-07-28',0),
	(307,15,'2010-11-07',0),
	(308,15,'2015-09-08',0),
	(309,15,'2012-05-27',0),
	(310,15,'2014-06-28',0),
	(311,15,'2011-03-26',0),
	(312,15,'2015-06-06',0),
	(313,15,'2013-08-22',0),
	(314,15,'2016-05-13',0),
	(315,15,'2014-09-27',0),
	(316,15,'2010-06-29',0),
	(317,15,'2009-09-21',0),
	(318,15,'2013-06-20',0),
	(319,15,'2010-12-18',0),
	(320,15,'2011-08-05',0),
	(321,15,'2015-11-22',0),
	(322,15,'2013-06-16',0),
	(323,15,'2014-01-16',0),
	(324,15,'2013-11-18',0),
	(325,15,'2014-07-11',0),
	(326,15,'2015-08-13',0),
	(327,16,'2013-12-06',0),
	(328,16,'2011-11-20',0),
	(329,16,'2015-10-18',0),
	(330,16,'2012-03-24',0),
	(331,16,'2009-12-10',0),
	(332,16,'2012-05-12',0),
	(333,16,'2015-01-24',0),
	(334,16,'2013-10-04',0),
	(335,16,'2014-08-24',0),
	(336,16,'2010-08-06',0),
	(337,16,'2014-05-04',0),
	(338,16,'2015-03-03',0),
	(339,16,'2012-07-17',0),
	(340,16,'2014-02-01',0),
	(341,16,'2010-01-24',0),
	(342,16,'2012-06-05',0),
	(343,16,'2011-12-31',0),
	(344,16,'2015-07-26',0),
	(345,16,'2016-06-17',0),
	(346,16,'2016-05-16',0),
	(347,16,'2009-11-22',0),
	(348,16,'2016-07-23',0),
	(349,16,'2011-08-26',0),
	(350,16,'2016-04-20',0),
	(351,16,'2011-04-05',0),
	(352,16,'2014-11-16',0),
	(353,16,'2014-01-05',0),
	(354,16,'2014-10-19',0),
	(355,16,'2015-10-05',0),
	(356,16,'2012-11-29',0),
	(357,16,'2010-01-24',0),
	(358,17,'2015-10-24',0),
	(359,17,'2011-02-27',0),
	(360,17,'2014-09-16',0),
	(361,17,'2014-09-13',0),
	(362,17,'2015-03-02',0),
	(363,17,'2015-07-04',0),
	(364,17,'2014-09-15',0),
	(365,17,'2016-01-17',0),
	(366,17,'2016-05-20',0),
	(367,17,'2016-01-09',0),
	(368,17,'2015-06-17',0),
	(369,17,'2013-07-12',0),
	(370,17,'2011-11-12',0),
	(371,17,'2015-09-04',0),
	(372,17,'2016-01-13',0),
	(373,17,'2013-07-29',0),
	(374,17,'2016-08-26',0),
	(375,17,'2010-04-09',0),
	(376,17,'2012-05-17',0),
	(377,17,'2015-12-29',0),
	(378,17,'2015-10-16',0),
	(379,17,'2009-01-29',0),
	(380,17,'2013-04-07',0),
	(381,17,'2016-01-18',0),
	(382,18,'2015-08-25',0),
	(383,18,'2011-07-05',0),
	(384,18,'2011-07-04',0),
	(385,18,'2011-07-25',0),
	(386,18,'2011-04-11',0),
	(387,18,'2016-07-17',0),
	(388,18,'2014-03-31',0),
	(389,18,'2014-07-23',0),
	(390,18,'2009-03-15',0),
	(391,18,'2010-01-12',0),
	(392,18,'2011-05-08',0),
	(393,18,'2010-10-22',0),
	(394,18,'2015-11-12',0),
	(395,18,'2012-05-23',0),
	(396,18,'2014-12-09',0),
	(397,18,'2009-12-19',0),
	(398,18,'2010-02-23',0),
	(399,18,'2014-08-31',0),
	(400,18,'2012-03-21',0),
	(401,18,'2014-08-09',0),
	(402,18,'2011-04-30',0),
	(403,18,'2009-05-15',0),
	(404,18,'2013-12-30',0),
	(405,18,'2015-01-22',0),
	(406,18,'2011-05-19',0),
	(407,18,'2015-11-14',0),
	(408,18,'2010-10-10',0),
	(409,18,'2012-03-24',0),
	(410,19,'2010-08-24',0),
	(411,19,'2011-05-12',0),
	(412,19,'2011-12-16',0),
	(413,19,'2014-01-05',0),
	(414,19,'2011-03-31',0),
	(415,19,'2016-03-14',0),
	(416,19,'2016-04-03',0),
	(417,19,'2009-04-23',0),
	(418,19,'2016-05-25',0),
	(419,19,'2012-11-18',0),
	(420,19,'2010-08-03',0),
	(421,19,'2011-05-29',0),
	(422,19,'2014-07-11',0),
	(423,19,'2011-01-22',0),
	(424,19,'2013-07-02',0),
	(425,19,'2012-01-24',0),
	(426,19,'2010-01-19',0),
	(427,19,'2009-03-03',0),
	(428,19,'2012-12-30',0),
	(429,19,'2016-07-04',0),
	(430,19,'2009-08-03',0),
	(431,19,'2010-02-06',0),
	(432,19,'2015-03-02',0),
	(433,19,'2011-12-15',0),
	(434,19,'2014-04-14',0),
	(435,20,'2011-02-01',0),
	(436,20,'2012-11-11',0),
	(437,20,'2012-03-16',0),
	(438,20,'2014-12-29',0),
	(439,20,'2015-07-15',0),
	(440,20,'2012-12-01',0),
	(441,20,'2012-06-21',0),
	(442,20,'2012-12-25',0),
	(443,20,'2009-06-27',0),
	(444,20,'2009-09-23',0),
	(445,20,'2014-10-03',0),
	(446,20,'2009-06-26',0),
	(447,20,'2013-06-19',0),
	(448,20,'2014-05-01',0),
	(449,20,'2016-07-28',0),
	(450,20,'2009-11-23',0),
	(451,20,'2009-08-25',0),
	(452,20,'2012-07-13',0),
	(453,20,'2013-11-20',0),
	(454,20,'2012-02-01',0),
	(455,20,'2009-03-05',0),
	(456,20,'2009-12-14',0),
	(457,20,'2011-10-08',0),
	(458,20,'2010-09-01',0),
	(459,20,'2013-03-03',0),
	(460,20,'2011-08-05',0),
	(461,20,'2011-12-05',0),
	(462,20,'2016-03-29',0),
	(463,20,'2011-12-26',0),
	(464,21,'2014-05-20',0),
	(465,21,'2009-06-15',0),
	(466,21,'2010-09-22',0),
	(467,21,'2014-04-29',0),
	(468,21,'2010-05-03',0),
	(469,21,'2013-09-21',0),
	(470,21,'2014-02-08',0),
	(471,21,'2014-06-02',0),
	(472,21,'2013-08-06',0),
	(473,21,'2010-11-25',0),
	(474,21,'2010-06-19',0),
	(475,21,'2009-05-23',0),
	(476,21,'2013-06-26',0),
	(477,21,'2016-02-28',0),
	(478,21,'2013-08-04',0),
	(479,21,'2009-10-16',0),
	(480,21,'2016-06-13',0),
	(481,21,'2015-09-12',0),
	(482,21,'2011-02-18',0),
	(483,21,'2010-07-02',0),
	(484,21,'2009-04-15',0),
	(485,21,'2011-03-08',0),
	(486,21,'2012-04-19',0),
	(487,21,'2010-01-29',0),
	(488,21,'2011-10-09',0),
	(489,22,'2011-12-18',0),
	(490,22,'2011-03-21',0),
	(491,22,'2013-09-11',0),
	(492,22,'2014-06-22',0),
	(493,22,'2010-01-15',0),
	(494,22,'2009-09-24',0),
	(495,22,'2016-02-11',0),
	(496,22,'2012-01-25',0),
	(497,22,'2009-10-30',0),
	(498,22,'2013-09-07',0),
	(499,22,'2010-06-10',0),
	(500,22,'2014-11-03',0),
	(501,22,'2011-06-04',0),
	(502,22,'2015-08-07',0),
	(503,22,'2013-09-28',0),
	(504,22,'2012-10-10',0),
	(505,22,'2009-08-14',0),
	(506,22,'2012-06-24',0),
	(507,22,'2015-12-08',0),
	(508,22,'2015-04-05',0),
	(509,22,'2011-07-13',0),
	(510,22,'2015-06-10',0),
	(511,22,'2009-11-06',0),
	(512,22,'2013-10-19',0),
	(513,22,'2010-01-21',0),
	(514,22,'2015-10-13',0),
	(515,23,'2013-11-21',0),
	(516,23,'2009-12-31',0),
	(517,23,'2013-06-06',0),
	(518,23,'2009-10-07',0),
	(519,23,'2013-07-21',0),
	(520,23,'2013-05-08',0),
	(521,23,'2009-07-17',0),
	(522,23,'2016-06-15',0),
	(523,23,'2009-12-22',0),
	(524,23,'2016-08-14',0),
	(525,23,'2016-01-13',0),
	(526,23,'2013-05-31',0),
	(527,23,'2012-09-18',0),
	(528,23,'2015-06-06',0),
	(529,23,'2015-10-08',0),
	(530,23,'2016-08-03',0),
	(531,23,'2013-10-30',0),
	(532,23,'2016-08-31',0),
	(533,23,'2015-05-26',0),
	(534,23,'2012-08-19',0),
	(535,23,'2014-03-13',0),
	(536,23,'2015-03-09',0),
	(537,23,'2014-11-05',0),
	(538,23,'2011-10-17',0),
	(539,24,'2012-07-09',0),
	(540,24,'2009-01-03',0),
	(541,24,'2011-12-29',0),
	(542,24,'2011-07-24',0),
	(543,24,'2014-04-02',0),
	(544,24,'2015-08-06',0),
	(545,24,'2013-10-29',0),
	(546,24,'2013-01-23',0),
	(547,24,'2013-02-17',0),
	(548,24,'2013-07-03',0),
	(549,24,'2015-06-07',0),
	(550,24,'2013-05-07',0),
	(551,24,'2014-10-01',0),
	(552,24,'2012-09-21',0),
	(553,24,'2010-01-13',0),
	(554,24,'2011-11-08',0),
	(555,24,'2015-02-12',0),
	(556,24,'2011-05-26',0),
	(557,24,'2009-05-05',0),
	(558,24,'2011-05-03',0),
	(559,24,'2012-09-20',0),
	(560,24,'2009-06-15',0),
	(561,24,'2012-07-12',0),
	(562,24,'2016-05-24',0),
	(563,24,'2010-02-13',0),
	(564,25,'2012-07-26',0),
	(565,25,'2012-06-05',0),
	(566,25,'2016-06-19',0),
	(567,25,'2009-06-11',0),
	(568,25,'2010-09-14',0),
	(569,25,'2012-05-10',0),
	(570,25,'2012-09-19',0),
	(571,25,'2011-01-24',0),
	(572,25,'2016-04-10',0),
	(573,25,'2015-02-24',0),
	(574,25,'2013-03-08',0),
	(575,25,'2010-01-26',0),
	(576,25,'2013-07-28',0),
	(577,25,'2009-07-25',0),
	(578,25,'2016-01-30',0),
	(579,25,'2009-11-29',0),
	(580,25,'2010-04-08',0),
	(581,25,'2009-08-12',0),
	(582,25,'2009-10-18',0),
	(583,25,'2013-05-19',0),
	(584,25,'2013-01-11',0),
	(585,25,'2015-05-07',0),
	(586,25,'2016-06-19',0),
	(587,25,'2010-07-28',0),
	(588,25,'2009-09-15',0),
	(589,25,'2012-07-31',0),
	(590,26,'2014-11-27',0),
	(591,26,'2013-10-09',0),
	(592,26,'2014-01-14',0),
	(593,26,'2010-12-22',0),
	(594,26,'2011-11-23',0),
	(595,26,'2009-08-16',0),
	(596,26,'2015-09-14',0),
	(597,26,'2009-08-01',0),
	(598,26,'2015-01-14',0),
	(599,26,'2010-07-06',0),
	(600,26,'2010-06-28',0),
	(601,26,'2015-09-11',0),
	(602,26,'2009-11-15',0),
	(603,26,'2009-11-20',0),
	(604,26,'2010-05-08',0),
	(605,26,'2011-12-22',0),
	(606,26,'2015-07-01',0),
	(607,26,'2010-04-25',0),
	(608,26,'2014-04-30',0),
	(609,26,'2011-11-20',0),
	(610,26,'2015-12-04',0),
	(611,26,'2013-11-03',0),
	(612,26,'2014-06-11',0),
	(613,26,'2011-06-23',0),
	(614,26,'2013-11-10',0),
	(615,26,'2012-03-07',0),
	(616,26,'2010-05-28',0),
	(617,26,'2011-11-14',0),
	(618,27,'2009-04-14',0),
	(619,27,'2011-09-21',0),
	(620,27,'2014-12-01',0),
	(621,27,'2013-07-31',0),
	(622,27,'2009-08-02',0),
	(623,27,'2011-08-20',0),
	(624,27,'2014-01-24',0),
	(625,27,'2016-01-19',0),
	(626,27,'2009-02-09',0),
	(627,27,'2015-04-01',0),
	(628,27,'2014-10-01',0),
	(629,27,'2010-04-12',0),
	(630,27,'2015-04-16',0),
	(631,27,'2009-07-12',0),
	(632,27,'2012-09-24',0),
	(633,27,'2015-10-20',0),
	(634,27,'2015-08-26',0),
	(635,27,'2009-02-25',0),
	(636,27,'2015-12-02',0),
	(637,27,'2010-09-14',0),
	(638,27,'2013-12-08',0),
	(639,27,'2011-03-12',0),
	(640,27,'2013-07-18',0),
	(641,28,'2009-08-06',0),
	(642,28,'2016-08-18',0),
	(643,28,'2010-09-03',0),
	(644,28,'2013-05-16',0),
	(645,28,'2010-07-16',0),
	(646,28,'2014-05-19',0),
	(647,28,'2012-02-13',0),
	(648,28,'2016-06-04',0),
	(649,28,'2012-04-16',0),
	(650,28,'2009-07-21',0),
	(651,28,'2015-06-03',0),
	(652,28,'2016-04-25',0),
	(653,28,'2009-04-24',0),
	(654,28,'2009-10-25',0),
	(655,28,'2013-12-04',0),
	(656,28,'2009-08-30',0),
	(657,28,'2016-05-30',0),
	(658,28,'2013-11-13',0),
	(659,28,'2009-05-05',0),
	(660,28,'2012-01-16',0),
	(661,28,'2012-10-26',0),
	(662,28,'2009-01-02',0),
	(663,28,'2009-06-04',0),
	(664,28,'2012-10-30',0),
	(665,29,'2011-09-21',0),
	(666,29,'2016-02-02',0),
	(667,29,'2009-12-11',0),
	(668,29,'2014-05-24',0),
	(669,29,'2015-02-07',0),
	(670,29,'2016-08-08',0),
	(671,29,'2013-01-13',0),
	(672,29,'2013-09-11',0),
	(673,29,'2012-04-20',0),
	(674,29,'2015-10-08',0),
	(675,29,'2009-02-22',0),
	(676,29,'2010-03-13',0),
	(677,29,'2013-04-12',0),
	(678,29,'2014-03-02',0),
	(679,29,'2014-04-17',0),
	(680,29,'2011-12-05',0),
	(681,29,'2014-06-14',0),
	(682,29,'2014-01-18',0),
	(683,29,'2012-11-24',0),
	(684,29,'2011-10-29',0),
	(685,29,'2010-11-09',0),
	(686,29,'2011-07-25',0),
	(687,29,'2013-08-26',0),
	(688,30,'2012-03-31',0),
	(689,30,'2016-08-02',0),
	(690,30,'2011-09-30',0),
	(691,30,'2011-11-08',0),
	(692,30,'2013-11-06',0),
	(693,30,'2012-06-24',0),
	(694,30,'2014-09-28',0),
	(695,30,'2011-12-28',0),
	(696,30,'2016-06-01',0),
	(697,30,'2013-01-14',0),
	(698,30,'2015-01-06',0),
	(699,30,'2014-06-07',0),
	(700,30,'2011-10-28',0),
	(701,30,'2012-07-22',0),
	(702,30,'2010-09-01',0),
	(703,30,'2011-02-28',0),
	(704,30,'2010-10-08',0),
	(705,30,'2014-05-16',0),
	(706,30,'2010-02-20',0),
	(707,30,'2009-04-11',0),
	(708,30,'2012-10-28',0),
	(709,30,'2011-08-05',0),
	(710,30,'2011-11-22',0),
	(711,30,'2014-08-26',0),
	(712,30,'2015-09-16',0),
	(713,30,'2012-04-18',0),
	(714,30,'2015-11-04',0),
	(715,30,'2012-03-29',0),
	(716,31,'2010-02-17',0),
	(717,31,'2013-12-06',0),
	(718,31,'2013-09-10',0),
	(719,31,'2013-02-08',0),
	(720,31,'2009-01-24',0),
	(721,31,'2015-01-12',0),
	(722,31,'2015-12-16',0),
	(723,31,'2011-02-18',0),
	(724,31,'2009-01-27',0),
	(725,31,'2014-11-28',0),
	(726,31,'2010-03-16',0),
	(727,31,'2009-03-04',0),
	(728,31,'2012-11-17',0),
	(729,31,'2012-06-02',0),
	(730,31,'2012-01-06',0),
	(731,31,'2014-02-05',0),
	(732,31,'2010-03-29',0),
	(733,31,'2009-03-10',0),
	(734,31,'2013-11-20',0),
	(735,31,'2010-04-01',0),
	(736,31,'2011-04-23',0),
	(737,31,'2014-04-01',0),
	(738,31,'2009-01-05',0),
	(739,31,'2013-09-30',0),
	(740,31,'2011-07-26',0),
	(741,31,'2010-05-25',0),
	(742,32,'2014-02-15',0),
	(743,32,'2012-10-10',0),
	(744,32,'2012-02-08',0),
	(745,32,'2016-04-17',0),
	(746,32,'2012-03-30',0),
	(747,32,'2009-09-13',0),
	(748,32,'2015-02-05',0),
	(749,32,'2011-04-18',0),
	(750,32,'2014-02-24',0),
	(751,32,'2010-11-27',0),
	(752,32,'2012-02-13',0),
	(753,32,'2011-01-23',0),
	(754,32,'2010-04-23',0),
	(755,32,'2009-05-25',0),
	(756,32,'2014-10-14',0),
	(757,32,'2010-09-20',0),
	(758,32,'2016-01-07',0),
	(759,32,'2014-04-20',0),
	(760,32,'2013-03-30',0),
	(761,32,'2013-12-15',0),
	(762,32,'2015-12-16',0),
	(763,32,'2014-10-30',0),
	(764,32,'2016-02-01',0),
	(765,33,'2012-06-15',0),
	(766,33,'2012-10-23',0),
	(767,33,'2015-05-23',0),
	(768,33,'2016-05-19',0),
	(769,33,'2014-03-20',0),
	(770,33,'2014-01-22',0),
	(771,33,'2009-07-28',0),
	(772,33,'2014-03-01',0),
	(773,33,'2016-08-20',0),
	(774,33,'2009-09-18',0),
	(775,33,'2014-01-11',0),
	(776,33,'2011-10-14',0),
	(777,33,'2010-12-19',0),
	(778,33,'2011-05-20',0),
	(779,33,'2011-11-23',0),
	(780,33,'2016-03-24',0),
	(781,33,'2009-11-07',0),
	(782,33,'2013-01-20',0),
	(783,33,'2012-03-27',0),
	(784,33,'2010-09-13',0),
	(785,33,'2010-08-29',0),
	(786,33,'2011-03-04',0),
	(787,33,'2009-02-17',0),
	(788,33,'2013-07-21',0),
	(789,33,'2016-07-29',0),
	(790,33,'2015-09-03',0),
	(791,34,'2012-10-25',0),
	(792,34,'2014-10-08',0),
	(793,34,'2010-02-06',0),
	(794,34,'2012-01-21',0),
	(795,34,'2015-11-30',0),
	(796,34,'2014-05-04',0),
	(797,34,'2014-07-03',0),
	(798,34,'2010-11-06',0),
	(799,34,'2011-11-12',0),
	(800,34,'2012-07-18',0),
	(801,34,'2013-05-05',0),
	(802,34,'2010-08-29',0),
	(803,34,'2013-11-08',0),
	(804,34,'2011-08-23',0),
	(805,34,'2009-01-16',0),
	(806,34,'2012-03-19',0),
	(807,34,'2009-03-27',0),
	(808,34,'2012-02-28',0),
	(809,34,'2016-01-23',0),
	(810,34,'2015-08-13',0),
	(811,34,'2012-05-31',0),
	(812,34,'2015-05-25',0),
	(813,34,'2011-05-15',0),
	(814,34,'2013-03-13',0),
	(815,34,'2014-08-02',0),
	(816,34,'2009-02-04',0),
	(817,34,'2011-11-21',0),
	(818,34,'2014-02-25',0),
	(819,35,'2012-08-30',0),
	(820,35,'2009-01-03',0),
	(821,35,'2010-10-27',0),
	(822,35,'2011-02-06',0),
	(823,35,'2013-06-21',0),
	(824,35,'2014-06-08',0),
	(825,35,'2013-06-05',0),
	(826,35,'2015-03-22',0),
	(827,35,'2010-08-30',0),
	(828,35,'2009-10-19',0),
	(829,35,'2011-04-18',0),
	(830,35,'2009-12-10',0),
	(831,35,'2011-07-05',0),
	(832,35,'2011-08-27',0),
	(833,35,'2013-10-21',0),
	(834,35,'2014-08-06',0),
	(835,35,'2012-10-20',0),
	(836,35,'2014-02-19',0),
	(837,35,'2011-05-17',0),
	(838,35,'2009-04-23',0),
	(839,35,'2013-12-07',0),
	(840,35,'2013-07-31',0),
	(841,35,'2010-12-24',0),
	(842,35,'2013-10-11',0),
	(843,35,'2014-10-02',0),
	(844,35,'2011-09-18',0),
	(845,36,'2010-12-24',0),
	(846,36,'2011-01-13',0),
	(847,36,'2015-07-21',0),
	(848,36,'2015-04-27',0),
	(849,36,'2011-02-24',0),
	(850,36,'2015-03-05',0),
	(851,36,'2015-09-12',0),
	(852,36,'2009-01-10',0),
	(853,36,'2010-01-01',0),
	(854,36,'2011-07-28',0),
	(855,36,'2009-06-22',0),
	(856,36,'2010-03-13',0),
	(857,36,'2011-12-17',0),
	(858,36,'2012-03-09',0),
	(859,36,'2014-05-16',0),
	(860,36,'2014-11-17',0),
	(861,36,'2012-07-18',0),
	(862,36,'2011-05-23',0),
	(863,36,'2011-12-27',0),
	(864,36,'2010-05-03',0),
	(865,36,'2016-06-23',0),
	(866,36,'2016-08-25',0),
	(867,36,'2010-08-20',0),
	(868,36,'2016-03-04',0),
	(869,36,'2010-12-11',0),
	(870,36,'2014-04-08',0),
	(871,36,'2012-11-05',0),
	(872,37,'2013-07-06',0),
	(873,37,'2015-08-01',0),
	(874,37,'2010-04-16',0),
	(875,37,'2013-09-07',0),
	(876,37,'2014-04-08',0),
	(877,37,'2010-10-07',0),
	(878,37,'2014-12-24',0),
	(879,37,'2011-03-01',0),
	(880,37,'2014-07-07',0),
	(881,37,'2016-03-03',0),
	(882,37,'2011-07-18',0),
	(883,37,'2013-01-04',0),
	(884,37,'2016-04-25',0),
	(885,37,'2009-02-25',0),
	(886,37,'2009-10-16',0),
	(887,37,'2016-07-28',0),
	(888,37,'2009-06-15',0),
	(889,37,'2013-03-19',0),
	(890,37,'2015-12-09',0),
	(891,37,'2016-08-23',0),
	(892,37,'2010-06-18',0),
	(893,37,'2012-06-13',0),
	(894,37,'2009-05-23',0),
	(895,37,'2009-03-07',0),
	(896,37,'2009-04-20',0),
	(897,37,'2011-11-06',0),
	(898,37,'2014-10-10',0),
	(899,37,'2012-04-09',0),
	(900,38,'2013-01-23',0),
	(901,38,'2015-09-30',0),
	(902,38,'2015-01-24',0),
	(903,38,'2012-06-27',0),
	(904,38,'2014-01-16',0),
	(905,38,'2010-06-28',0),
	(906,38,'2012-04-09',0),
	(907,38,'2010-01-26',0),
	(908,38,'2009-11-26',0),
	(909,38,'2016-03-09',0),
	(910,38,'2014-09-12',0),
	(911,38,'2012-02-07',0),
	(912,38,'2011-07-27',0),
	(913,38,'2010-04-15',0),
	(914,38,'2010-07-23',0),
	(915,38,'2009-04-30',0),
	(916,38,'2011-06-17',0),
	(917,38,'2014-11-09',0),
	(918,38,'2010-09-08',0),
	(919,38,'2010-04-28',0),
	(920,38,'2009-12-05',0),
	(921,38,'2009-09-25',0),
	(922,38,'2014-04-07',0),
	(923,38,'2013-09-28',0),
	(924,38,'2014-06-27',0),
	(925,38,'2015-07-18',0),
	(926,38,'2016-01-23',0),
	(927,39,'2010-12-18',0),
	(928,39,'2010-09-10',0),
	(929,39,'2012-09-09',0),
	(930,39,'2013-11-17',0),
	(931,39,'2010-10-28',0),
	(932,39,'2013-12-13',0),
	(933,39,'2013-04-26',0),
	(934,39,'2016-01-15',0),
	(935,39,'2010-01-14',0),
	(936,39,'2012-03-31',0),
	(937,39,'2009-02-09',0),
	(938,39,'2011-11-22',0),
	(939,39,'2009-12-30',0),
	(940,39,'2009-10-27',0),
	(941,39,'2013-07-17',0),
	(942,39,'2010-06-16',0),
	(943,39,'2014-07-29',0),
	(944,39,'2013-08-19',0),
	(945,39,'2010-05-13',0),
	(946,39,'2011-01-05',0),
	(947,39,'2016-03-24',0),
	(948,39,'2012-04-14',0),
	(949,39,'2010-07-03',0),
	(950,39,'2012-05-31',0),
	(951,40,'2011-07-28',0),
	(952,40,'2014-05-13',0),
	(953,40,'2010-03-05',0),
	(954,40,'2011-06-01',0),
	(955,40,'2013-05-29',0),
	(956,40,'2016-06-10',0),
	(957,40,'2012-06-02',0),
	(958,40,'2013-07-31',0),
	(959,40,'2014-03-12',0),
	(960,40,'2014-05-15',0),
	(961,40,'2015-09-19',0),
	(962,40,'2013-12-16',0),
	(963,40,'2009-03-05',0),
	(964,40,'2016-04-26',0),
	(965,40,'2014-06-03',0),
	(966,40,'2011-07-03',0),
	(967,40,'2015-06-25',0),
	(968,40,'2009-02-06',0),
	(969,40,'2015-01-29',0),
	(970,40,'2011-06-02',0),
	(971,40,'2009-02-05',0),
	(972,40,'2010-02-01',0),
	(973,40,'2015-09-24',0),
	(974,40,'2009-09-03',0),
	(975,40,'2009-10-08',0),
	(976,40,'2010-07-16',0),
	(977,40,'2012-11-15',0),
	(978,40,'2011-06-15',0),
	(979,40,'2013-08-11',0),
	(980,40,'2011-09-17',0),
	(981,41,'2015-02-27',0),
	(982,41,'2011-07-22',0),
	(983,41,'2013-12-13',0),
	(984,41,'2016-06-11',0),
	(985,41,'2014-05-11',0),
	(986,41,'2014-10-30',0),
	(987,41,'2010-03-25',0),
	(988,41,'2011-04-20',0),
	(989,41,'2015-04-19',0),
	(990,41,'2009-09-03',0),
	(991,41,'2011-07-12',0),
	(992,41,'2011-04-13',0),
	(993,41,'2013-09-18',0),
	(994,41,'2010-04-28',0),
	(995,41,'2009-09-13',0),
	(996,41,'2010-09-25',0),
	(997,41,'2010-12-10',0),
	(998,41,'2012-03-07',0),
	(999,41,'2011-12-22',0),
	(1000,41,'2010-12-15',0),
	(1001,41,'2011-10-13',0),
	(1002,41,'2016-03-05',0),
	(1003,41,'2011-06-27',0),
	(1004,41,'2013-05-29',0),
	(1005,41,'2009-09-06',0),
	(1006,41,'2015-02-04',0),
	(1007,41,'2012-04-26',0),
	(1008,41,'2012-08-01',0),
	(1009,41,'2015-08-04',0),
	(1010,41,'2015-08-28',0),
	(1011,42,'2010-03-19',0),
	(1012,42,'2010-07-22',0),
	(1013,42,'2011-08-12',0),
	(1014,42,'2010-11-03',0),
	(1015,42,'2013-09-21',0),
	(1016,42,'2009-04-21',0),
	(1017,42,'2014-04-03',0),
	(1018,42,'2009-11-24',0),
	(1019,42,'2011-05-16',0),
	(1020,42,'2010-03-07',0),
	(1021,42,'2013-07-12',0),
	(1022,42,'2014-08-11',0),
	(1023,42,'2016-04-01',0),
	(1024,42,'2014-06-08',0),
	(1025,42,'2014-03-17',0),
	(1026,42,'2011-02-15',0),
	(1027,42,'2012-09-06',0),
	(1028,42,'2016-07-12',0),
	(1029,42,'2014-05-19',0),
	(1030,42,'2016-06-24',0),
	(1031,42,'2010-04-28',0),
	(1032,42,'2010-11-08',0),
	(1033,42,'2014-05-14',0),
	(1034,42,'2016-03-19',0),
	(1035,42,'2015-06-01',0),
	(1036,42,'2012-08-12',0),
	(1037,42,'2011-03-26',0),
	(1038,43,'2015-09-13',0),
	(1039,43,'2013-11-03',0),
	(1040,43,'2015-07-03',0),
	(1041,43,'2009-09-21',0),
	(1042,43,'2014-05-27',0),
	(1043,43,'2009-06-07',0),
	(1044,43,'2014-01-14',0),
	(1045,43,'2014-04-04',0),
	(1046,43,'2010-11-15',0),
	(1047,43,'2009-04-16',0),
	(1048,43,'2014-11-28',0),
	(1049,43,'2013-11-01',0),
	(1050,43,'2013-08-07',0),
	(1051,43,'2010-07-19',0),
	(1052,43,'2009-12-08',0),
	(1053,43,'2011-02-24',0),
	(1054,43,'2015-01-17',0),
	(1055,43,'2013-03-28',0),
	(1056,43,'2015-04-13',0),
	(1057,43,'2009-08-24',0),
	(1058,43,'2012-12-19',0),
	(1059,43,'2011-01-08',0),
	(1060,43,'2011-02-11',0),
	(1061,43,'2009-10-25',0),
	(1062,43,'2013-12-21',0),
	(1063,43,'2012-10-01',0),
	(1064,43,'2014-03-19',0),
	(1065,44,'2014-07-18',0),
	(1066,44,'2016-08-27',0),
	(1067,44,'2011-05-27',0),
	(1068,44,'2010-06-11',0),
	(1069,44,'2010-07-15',0),
	(1070,44,'2012-05-01',0),
	(1071,44,'2009-08-15',0),
	(1072,44,'2013-09-11',0),
	(1073,44,'2012-05-26',0),
	(1074,44,'2011-02-21',0),
	(1075,44,'2016-07-22',0),
	(1076,44,'2016-07-21',0),
	(1077,44,'2012-12-06',0),
	(1078,44,'2014-04-29',0),
	(1079,44,'2012-10-13',0),
	(1080,44,'2012-04-02',0),
	(1081,44,'2014-04-18',0),
	(1082,44,'2013-02-24',0),
	(1083,44,'2012-03-31',0),
	(1084,44,'2015-01-05',0),
	(1085,44,'2015-01-21',0),
	(1086,44,'2010-05-20',0),
	(1087,44,'2013-11-09',0),
	(1088,44,'2013-10-09',0),
	(1089,44,'2009-09-28',0),
	(1090,44,'2013-10-21',0),
	(1091,44,'2012-06-18',0),
	(1092,44,'2016-02-24',0),
	(1093,44,'2015-06-21',0),
	(1094,45,'2015-06-06',0),
	(1095,45,'2015-07-06',0),
	(1096,45,'2013-06-16',0),
	(1097,45,'2014-07-21',0),
	(1098,45,'2015-07-31',0),
	(1099,45,'2009-07-07',0),
	(1100,45,'2009-04-01',0),
	(1101,45,'2010-05-21',0),
	(1102,45,'2014-06-23',0),
	(1103,45,'2013-10-29',0),
	(1104,45,'2012-06-24',0),
	(1105,45,'2012-09-19',0),
	(1106,45,'2015-09-03',0),
	(1107,45,'2015-02-28',0),
	(1108,45,'2011-11-25',0),
	(1109,45,'2015-09-18',0),
	(1110,45,'2010-02-20',0),
	(1111,45,'2013-02-03',0),
	(1112,45,'2009-09-18',0),
	(1113,45,'2013-01-21',0),
	(1114,45,'2009-10-14',0),
	(1115,45,'2015-05-05',0),
	(1116,45,'2013-09-29',0),
	(1117,45,'2011-03-05',0),
	(1118,45,'2010-03-14',0),
	(1119,45,'2013-05-22',0),
	(1120,45,'2009-10-24',0),
	(1121,45,'2009-06-04',0),
	(1122,45,'2013-02-02',0),
	(1123,45,'2013-12-19',0),
	(1124,46,'2015-10-15',0),
	(1125,46,'2011-10-31',0),
	(1126,46,'2013-03-06',0),
	(1127,46,'2009-04-20',0),
	(1128,46,'2011-08-04',0),
	(1129,46,'2009-07-04',0),
	(1130,46,'2014-02-02',0),
	(1131,46,'2015-11-02',0),
	(1132,46,'2014-05-04',0),
	(1133,46,'2011-11-03',0),
	(1134,46,'2010-05-10',0),
	(1135,46,'2013-06-29',0),
	(1136,46,'2010-10-18',0),
	(1137,46,'2016-02-27',0),
	(1138,46,'2010-10-20',0),
	(1139,46,'2012-06-17',0),
	(1140,46,'2011-10-03',0),
	(1141,46,'2016-05-26',0),
	(1142,46,'2013-09-02',0),
	(1143,46,'2015-05-19',0),
	(1144,46,'2013-01-02',0),
	(1145,46,'2012-10-05',0),
	(1146,46,'2011-01-12',0),
	(1147,46,'2009-06-23',0),
	(1148,46,'2010-07-25',0),
	(1149,46,'2009-06-24',0),
	(1150,46,'2016-04-14',0),
	(1151,46,'2014-12-21',0),
	(1152,46,'2011-12-03',0),
	(1153,46,'2011-12-22',0),
	(1154,47,'2015-03-11',0),
	(1155,47,'2010-05-05',0),
	(1156,47,'2014-04-07',0),
	(1157,47,'2014-11-25',0),
	(1158,47,'2016-06-26',0),
	(1159,47,'2009-10-07',0),
	(1160,47,'2014-05-31',0),
	(1161,47,'2013-04-06',0),
	(1162,47,'2009-09-24',0),
	(1163,47,'2012-07-16',0),
	(1164,47,'2016-04-16',0),
	(1165,47,'2012-06-20',0),
	(1166,47,'2015-08-13',0),
	(1167,47,'2010-11-21',0),
	(1168,47,'2009-12-10',0),
	(1169,47,'2011-01-25',0),
	(1170,47,'2009-09-06',0),
	(1171,47,'2010-07-28',0),
	(1172,47,'2014-11-28',0),
	(1173,47,'2010-08-02',0),
	(1174,47,'2011-01-17',0),
	(1175,47,'2009-07-16',0),
	(1176,47,'2016-02-15',0),
	(1177,47,'2012-09-03',0),
	(1178,47,'2012-01-09',0),
	(1179,47,'2014-06-01',0),
	(1180,47,'2015-10-08',0),
	(1181,47,'2011-07-15',0),
	(1182,47,'2009-01-10',0),
	(1183,47,'2013-04-16',0),
	(1184,48,'2011-06-21',0),
	(1185,48,'2009-10-15',0),
	(1186,48,'2012-09-24',0),
	(1187,48,'2013-01-02',0),
	(1188,48,'2016-07-08',0),
	(1189,48,'2009-02-15',0),
	(1190,48,'2009-05-05',0),
	(1191,48,'2015-09-03',0),
	(1192,48,'2015-08-10',0),
	(1193,48,'2010-03-02',0),
	(1194,48,'2010-10-05',0),
	(1195,48,'2010-08-01',0),
	(1196,48,'2016-07-13',0),
	(1197,48,'2013-05-12',0),
	(1198,48,'2011-10-30',0),
	(1199,48,'2015-12-18',0),
	(1200,48,'2012-07-31',0),
	(1201,48,'2015-02-20',0),
	(1202,48,'2009-09-16',0),
	(1203,48,'2013-02-21',0),
	(1204,48,'2015-04-15',0),
	(1205,48,'2010-06-15',0),
	(1206,48,'2013-04-04',0),
	(1207,48,'2012-05-23',0),
	(1208,48,'2014-12-17',0),
	(1209,48,'2015-12-01',0),
	(1210,48,'2010-10-07',0),
	(1211,48,'2015-05-22',0),
	(1212,48,'2015-06-04',0),
	(1213,48,'2009-05-27',0),
	(1214,49,'2011-09-27',0),
	(1215,49,'2015-01-22',0),
	(1216,49,'2009-02-17',0),
	(1217,49,'2010-09-25',0),
	(1218,49,'2013-08-29',0),
	(1219,49,'2013-11-17',0),
	(1220,49,'2014-11-07',0),
	(1221,49,'2014-03-25',0),
	(1222,49,'2013-05-23',0),
	(1223,49,'2014-02-04',0),
	(1224,49,'2011-03-06',0),
	(1225,49,'2011-04-24',0),
	(1226,49,'2009-03-30',0),
	(1227,49,'2016-04-24',0),
	(1228,49,'2011-02-09',0),
	(1229,49,'2009-05-14',0),
	(1230,49,'2010-10-30',0),
	(1231,49,'2012-04-22',0),
	(1232,49,'2012-04-22',0),
	(1233,49,'2009-04-10',0),
	(1234,49,'2016-04-09',0),
	(1235,49,'2013-11-09',0),
	(1236,49,'2011-05-08',0),
	(1237,49,'2013-10-20',0),
	(1238,49,'2013-09-25',0),
	(1239,49,'2015-10-04',0),
	(1240,49,'2014-10-11',0),
	(1241,49,'2016-03-25',0),
	(1242,49,'2012-04-23',0),
	(1243,49,'2014-05-18',0),
	(1244,50,'2014-10-12',0),
	(1245,50,'2012-04-15',0),
	(1246,50,'2013-02-28',0),
	(1247,50,'2016-03-29',0),
	(1248,50,'2009-04-02',0),
	(1249,50,'2014-10-20',0),
	(1250,50,'2013-07-16',0),
	(1251,50,'2011-02-23',0),
	(1252,50,'2012-07-21',0),
	(1253,50,'2011-09-24',0),
	(1254,50,'2010-11-13',0),
	(1255,50,'2013-07-21',0),
	(1256,50,'2012-06-05',0),
	(1257,50,'2013-07-26',0),
	(1258,50,'2014-03-20',0),
	(1259,50,'2010-01-09',0),
	(1260,50,'2015-04-25',0),
	(1261,50,'2015-06-11',0),
	(1262,50,'2013-05-01',0),
	(1263,50,'2016-03-16',0),
	(1264,50,'2012-06-18',0),
	(1265,50,'2013-11-13',0),
	(1266,50,'2014-09-18',0),
	(1267,50,'2015-10-15',0),
	(1268,50,'2013-04-23',0),
	(1269,50,'2009-03-04',0),
	(1270,50,'2015-09-18',0),
	(1271,50,'2011-03-01',0),
	(1272,51,'2012-08-19',0),
	(1273,51,'2015-03-17',0),
	(1274,51,'2014-12-23',0),
	(1275,51,'2012-03-19',0),
	(1276,51,'2011-06-03',0),
	(1277,51,'2015-10-15',0),
	(1278,51,'2012-03-05',0),
	(1279,51,'2009-05-22',0),
	(1280,51,'2015-09-13',0),
	(1281,51,'2013-01-27',0),
	(1282,51,'2011-03-17',0),
	(1283,51,'2015-07-04',0),
	(1284,51,'2011-07-09',0),
	(1285,51,'2011-05-06',0),
	(1286,51,'2009-05-07',0),
	(1287,51,'2010-03-06',0),
	(1288,51,'2012-04-17',0),
	(1289,51,'2013-10-22',0),
	(1290,51,'2012-12-10',0),
	(1291,51,'2015-10-22',0),
	(1292,51,'2014-04-30',0),
	(1293,51,'2013-09-07',0),
	(1294,51,'2012-02-10',0),
	(1295,51,'2015-07-12',0),
	(1296,51,'2011-01-22',0),
	(1297,51,'2012-02-04',0),
	(1298,51,'2016-04-09',0),
	(1299,51,'2010-03-15',0),
	(1300,52,'2011-06-06',0),
	(1301,52,'2015-10-28',0),
	(1302,52,'2016-03-26',0),
	(1303,52,'2015-07-28',0),
	(1304,52,'2011-10-03',0),
	(1305,52,'2009-01-17',0),
	(1306,52,'2013-11-27',0),
	(1307,52,'2010-03-23',0),
	(1308,52,'2015-08-27',0),
	(1309,52,'2014-02-24',0),
	(1310,52,'2011-11-25',0),
	(1311,52,'2011-01-30',0),
	(1312,52,'2011-03-12',0),
	(1313,52,'2011-09-28',0),
	(1314,52,'2012-07-31',0),
	(1315,52,'2010-08-04',0),
	(1316,52,'2012-11-14',0),
	(1317,52,'2014-06-04',0),
	(1318,52,'2012-11-12',0),
	(1319,52,'2015-08-28',0),
	(1320,52,'2013-10-01',0),
	(1321,52,'2013-10-16',0),
	(1322,52,'2016-02-11',0),
	(1323,52,'2016-03-05',0),
	(1324,52,'2016-05-03',0),
	(1325,52,'2015-01-04',0),
	(1326,53,'2014-10-01',0),
	(1327,53,'2016-06-22',0),
	(1328,53,'2016-03-19',0),
	(1329,53,'2015-01-24',0),
	(1330,53,'2012-10-14',0),
	(1331,53,'2013-10-30',0),
	(1332,53,'2014-04-06',0),
	(1333,53,'2015-06-24',0),
	(1334,53,'2012-11-21',0),
	(1335,53,'2015-07-27',0),
	(1336,53,'2014-12-08',0),
	(1337,53,'2009-07-03',0),
	(1338,53,'2010-01-21',0),
	(1339,53,'2014-08-30',0),
	(1340,53,'2015-11-19',0),
	(1341,53,'2015-05-03',0),
	(1342,53,'2011-11-17',0),
	(1343,53,'2012-11-30',0),
	(1344,53,'2010-10-11',0),
	(1345,53,'2015-03-18',0),
	(1346,53,'2010-04-20',0),
	(1347,53,'2010-03-22',0),
	(1348,53,'2009-01-11',0),
	(1349,53,'2016-01-06',0),
	(1350,53,'2011-05-17',0),
	(1351,54,'2010-10-12',0),
	(1352,54,'2011-04-03',0),
	(1353,54,'2009-03-15',0),
	(1354,54,'2009-12-29',0),
	(1355,54,'2009-08-16',0),
	(1356,54,'2010-08-02',0),
	(1357,54,'2010-03-11',0),
	(1358,54,'2011-04-07',0),
	(1359,54,'2013-11-03',0),
	(1360,54,'2009-01-03',0),
	(1361,54,'2016-04-07',0),
	(1362,54,'2009-07-18',0),
	(1363,54,'2013-02-10',0),
	(1364,54,'2016-05-24',0),
	(1365,54,'2013-09-08',0),
	(1366,54,'2014-03-13',0),
	(1367,54,'2012-01-15',0),
	(1368,54,'2014-06-23',0),
	(1369,54,'2010-10-12',0),
	(1370,54,'2009-06-17',0),
	(1371,54,'2015-05-23',0),
	(1372,54,'2012-12-21',0),
	(1373,54,'2012-02-06',0),
	(1374,54,'2009-09-23',0),
	(1375,54,'2009-07-23',0),
	(1376,54,'2015-10-22',0),
	(1377,54,'2016-02-12',0),
	(1378,54,'2009-03-19',0),
	(1379,54,'2009-10-28',0),
	(1380,55,'2012-06-20',0),
	(1381,55,'2009-07-22',0),
	(1382,55,'2015-04-14',0),
	(1383,55,'2015-12-16',0),
	(1384,55,'2015-06-23',0),
	(1385,55,'2010-12-11',0),
	(1386,55,'2016-03-06',0),
	(1387,55,'2009-02-03',0),
	(1388,55,'2016-05-28',0),
	(1389,55,'2014-11-24',0),
	(1390,55,'2011-06-24',0),
	(1391,55,'2009-01-13',0),
	(1392,55,'2011-05-31',0),
	(1393,55,'2010-03-02',0),
	(1394,55,'2015-06-10',0),
	(1395,55,'2013-07-02',0),
	(1396,55,'2013-09-01',0),
	(1397,55,'2011-12-21',0),
	(1398,55,'2012-06-16',0),
	(1399,55,'2015-01-03',0),
	(1400,55,'2016-07-07',0),
	(1401,55,'2014-09-25',0),
	(1402,55,'2013-08-07',0),
	(1403,55,'2013-09-27',0),
	(1404,56,'2011-08-25',0),
	(1405,56,'2012-02-06',0),
	(1406,56,'2013-02-02',0),
	(1407,56,'2010-08-21',0),
	(1408,56,'2012-04-05',0),
	(1409,56,'2016-05-24',0),
	(1410,56,'2010-07-08',0),
	(1411,56,'2010-12-13',0),
	(1412,56,'2010-09-08',0),
	(1413,56,'2012-03-16',0),
	(1414,56,'2016-01-22',0),
	(1415,56,'2009-04-26',0),
	(1416,56,'2012-10-14',0),
	(1417,56,'2016-06-11',0),
	(1418,56,'2012-09-15',0),
	(1419,56,'2010-01-23',0),
	(1420,56,'2009-09-21',0),
	(1421,56,'2010-09-15',0),
	(1422,56,'2010-08-24',0),
	(1423,56,'2011-12-29',0),
	(1424,56,'2011-02-17',0),
	(1425,56,'2014-02-16',0),
	(1426,56,'2016-06-06',0),
	(1427,56,'2012-12-14',0),
	(1428,56,'2016-07-11',0),
	(1429,56,'2009-11-11',0),
	(1430,56,'2014-06-06',0),
	(1431,56,'2011-12-31',0),
	(1432,56,'2011-08-04',0),
	(1433,56,'2012-04-26',0),
	(1434,56,'2014-05-14',0),
	(1435,56,'2013-08-27',0),
	(1436,57,'2010-08-12',0),
	(1437,57,'2009-08-11',0),
	(1438,57,'2010-02-05',0),
	(1439,57,'2010-04-19',0),
	(1440,57,'2016-06-20',0),
	(1441,57,'2014-12-29',0),
	(1442,57,'2011-01-09',0),
	(1443,57,'2016-07-25',0),
	(1444,57,'2009-06-04',0),
	(1445,57,'2010-10-09',0),
	(1446,57,'2010-12-22',0),
	(1447,57,'2013-02-07',0),
	(1448,57,'2012-07-26',0),
	(1449,57,'2011-10-18',0),
	(1450,57,'2009-10-25',0),
	(1451,57,'2010-01-12',0),
	(1452,57,'2011-06-20',0),
	(1453,57,'2010-05-04',0),
	(1454,57,'2016-07-18',0),
	(1455,57,'2010-04-22',0),
	(1456,57,'2014-07-30',0),
	(1457,57,'2010-11-26',0),
	(1458,57,'2011-07-07',0),
	(1459,57,'2012-08-03',0),
	(1460,57,'2012-08-25',0),
	(1461,57,'2010-03-01',0),
	(1462,57,'2016-06-02',0),
	(1463,57,'2009-10-17',0),
	(1464,57,'2010-07-23',0),
	(1465,57,'2010-05-22',0),
	(1466,57,'2013-12-01',0),
	(1467,57,'2015-01-05',0),
	(1468,57,'2015-06-07',0),
	(1469,57,'2011-04-21',0),
	(1470,57,'2009-12-16',0),
	(1471,57,'2015-11-14',0),
	(1472,58,'2009-02-09',0),
	(1473,58,'2012-12-20',0),
	(1474,58,'2015-04-18',0),
	(1475,58,'2011-01-27',0),
	(1476,58,'2014-05-04',0),
	(1477,58,'2011-03-15',0),
	(1478,58,'2009-12-27',0),
	(1479,58,'2009-08-23',0),
	(1480,58,'2011-11-21',0),
	(1481,58,'2014-11-14',0),
	(1482,58,'2013-01-02',0),
	(1483,58,'2013-03-17',0),
	(1484,58,'2016-08-19',0),
	(1485,58,'2009-11-04',0),
	(1486,58,'2010-01-18',0),
	(1487,58,'2011-12-28',0),
	(1488,58,'2011-05-17',0),
	(1489,58,'2015-08-05',0),
	(1490,58,'2010-08-06',0),
	(1491,58,'2014-07-10',0),
	(1492,58,'2011-04-11',0),
	(1493,58,'2009-01-03',0),
	(1494,58,'2011-09-23',0),
	(1495,58,'2014-03-26',0),
	(1496,58,'2009-01-29',0),
	(1497,58,'2010-07-14',0),
	(1498,58,'2015-02-13',0),
	(1499,58,'2013-09-29',0),
	(1500,58,'2009-06-08',0),
	(1501,58,'2009-03-19',0),
	(1502,58,'2012-12-06',0),
	(1503,58,'2014-03-07',0),
	(1504,58,'2013-01-15',0);


 

-- managerclub table
insert into managerclub (manager_id, club_id, start_date, end_date) VALUES
	(1,1,'2016-08-28',0),
	(2,2,'2016-08-07',0),
	(3,3,'2016-08-31',0),
	(4,4,'2016-08-13',0),
	(5,5,'2016-08-03',0),
	(6,6,'2016-08-02',0),
	(7,7,'2016-07-30',0),
	(8,8,'2016-08-07',0),
	(9,9,'2016-08-03',0),
	(10,10,'2016-08-30',0),
	(11,11,'2016-08-02',0),
	(12,12,'2016-08-29',0),
	(13,13,'2016-08-11',0),
	(14,14,'2016-08-11',0),
	(15,15,'2016-07-27',0),
	(16,16,'2016-07-30',0),
	(17,17,'2016-07-13',0),
	(18,18,'2016-07-30',0),
	(19,19,'2016-08-19',0),
	(20,20,'2016-08-24',0),
	(21,21,'2016-07-08',0),
	(22,22,'2016-08-12',0),
	(23,23,'2016-07-22',0),
	(24,24,'2016-08-17',0),
	(25,25,'2016-07-30',0),
	(26,26,'2016-07-18',0),
	(27,27,'2016-07-20',0),
	(28,28,'2016-07-23',0),
	(29,29,'2016-07-27',0),
	(30,30,'2016-07-29',0),
	(31,31,'2016-08-29',0),
	(32,32,'2015-08-26',0),
	(33,33,'2015-07-16',0),
	(34,34,'2015-09-10',0),
	(35,35,'2016-06-13',0),
	(36,36,'2016-05-27',0),
	(37,37,'2016-07-21',0),
	(38,38,'2016-08-11',0),
	(39,39,'2016-08-13',0),
	(40,40,'2016-08-19',0),
	(41,41,'2016-04-21',0),
	(42,42,'2016-03-28',0),
	(43,43,'2016-06-23',0),
	(44,44,'2016-06-26',0),
	(45,45,'2016-06-25',0),
	(46,46,'2016-05-29',0),
	(47,47,'2016-05-22',0),
	(48,48,'2016-06-03',0),
	(49,49,'2016-08-01',0),
	(50,50,'2016-08-04',0),
	(51,51,'2016-07-07',0),
	(52,52,'2016-07-11',0),
	(53,53,'2016-07-16',0),
	(54,54,'2016-07-20',0),
	(55,55,'2016-08-03',0),
	(56,56,'2016-07-01',0),
	(57,57,'2016-07-05',0),
	(58,58,'2016-07-13',0);





-- managerplayer table
insert into managerplayer (manager_id, player_id, start_date, end_date) VALUES
	(1,1,'2016-07-08',0),
	(1,2,'2016-07-08',0),
	(1,3,'2016-07-08',0),
	(1,4,'2016-07-08',0),
	(1,5,'2016-07-08',0),
	(1,6,'2016-07-08',0),
	(1,7,'2016-07-08',0),
	(1,8,'2016-07-08',0),
	(1,9,'2016-07-08',0),
	(1,10,'2016-07-08',0),
	(1,11,'2016-07-08',0),
	(1,12,'2016-07-08',0),
	(1,13,'2016-07-08',0),
	(1,14,'2016-07-08',0),
	(1,15,'2016-07-08',0),
	(1,16,'2016-07-08',0),
	(1,17,'2016-07-08',0),
	(1,18,'2016-07-08',0),
	(1,19,'2016-07-08',0),
	(1,20,'2016-07-08',0),
	(1,21,'2016-07-08',0),
	(1,22,'2016-07-08',0),
	(1,23,'2016-07-08',0),
	(2,24,'2016-08-29',0),
	(2,25,'2016-08-29',0),
	(2,26,'2016-08-29',0),
	(2,27,'2016-08-29',0),
	(2,28,'2016-08-29',0),
	(2,29,'2016-08-29',0),
	(2,30,'2016-08-29',0),
	(2,31,'2016-08-29',0),
	(2,32,'2016-08-29',0),
	(2,33,'2016-08-29',0),
	(2,34,'2016-08-29',0),
	(2,35,'2016-08-29',0),
	(2,36,'2016-08-29',0),
	(2,37,'2016-08-29',0),
	(2,38,'2016-08-29',0),
	(2,39,'2016-08-29',0),
	(2,40,'2016-08-29',0),
	(2,41,'2016-08-29',0),
	(2,42,'2016-08-29',0),
	(2,43,'2016-08-29',0),
	(3,44,'2016-08-09',0),
	(3,45,'2016-08-09',0),
	(3,46,'2016-08-09',0),
	(3,47,'2016-08-09',0),
	(3,48,'2016-08-09',0),
	(3,49,'2016-08-09',0),
	(3,50,'2016-08-09',0),
	(3,51,'2016-08-09',0),
	(3,52,'2016-08-09',0),
	(3,53,'2016-08-09',0),
	(3,54,'2016-08-09',0),
	(3,55,'2016-08-09',0),
	(3,56,'2016-08-09',0),
	(3,57,'2016-08-09',0),
	(3,58,'2016-08-09',0),
	(3,59,'2016-08-09',0),
	(3,60,'2016-08-09',0),
	(3,61,'2016-08-09',0),
	(4,62,'2016-07-27',0),
	(4,63,'2016-07-27',0),
	(4,64,'2016-07-27',0),
	(4,65,'2016-07-27',0),
	(4,66,'2016-07-27',0),
	(4,67,'2016-07-27',0),
	(4,68,'2016-07-27',0),
	(4,69,'2016-07-27',0),
	(4,70,'2016-07-27',0),
	(4,71,'2016-07-27',0),
	(4,72,'2016-07-27',0),
	(4,73,'2016-07-27',0),
	(4,74,'2016-07-27',0),
	(4,75,'2016-07-27',0),
	(4,76,'2016-07-27',0),
	(4,77,'2016-07-27',0),
	(4,78,'2016-07-27',0),
	(4,79,'2016-07-27',0),
	(4,80,'2016-07-27',0),
	(5,81,'2016-08-12',0),
	(5,82,'2016-08-12',0),
	(5,83,'2016-08-12',0),
	(5,84,'2016-08-12',0),
	(5,85,'2016-08-12',0),
	(5,86,'2016-08-12',0),
	(5,87,'2016-08-12',0),
	(5,88,'2016-08-12',0),
	(5,89,'2016-08-12',0),
	(5,90,'2016-08-12',0),
	(5,91,'2016-08-12',0),
	(5,92,'2016-08-12',0),
	(5,93,'2016-08-12',0),
	(5,94,'2016-08-12',0),
	(5,95,'2016-08-12',0),
	(5,96,'2016-08-12',0),
	(5,97,'2016-08-12',0),
	(5,98,'2016-08-12',0),
	(6,99,'2016-08-25',0),
	(6,100,'2016-08-25',0),
	(6,101,'2016-08-25',0),
	(6,102,'2016-08-25',0),
	(6,103,'2016-08-25',0),
	(6,104,'2016-08-25',0),
	(6,105,'2016-08-25',0),
	(6,106,'2016-08-25',0),
	(6,107,'2016-08-25',0),
	(6,108,'2016-08-25',0),
	(6,109,'2016-08-25',0),
	(6,110,'2016-08-25',0),
	(6,111,'2016-08-25',0),
	(6,112,'2016-08-25',0),
	(6,113,'2016-08-25',0),
	(7,114,'2016-07-05',0),
	(7,115,'2016-07-05',0),
	(7,116,'2016-07-05',0),
	(7,117,'2016-07-05',0),
	(7,118,'2016-07-05',0),
	(7,119,'2016-07-05',0),
	(7,120,'2016-07-05',0),
	(7,121,'2016-07-05',0),
	(7,122,'2016-07-05',0),
	(7,123,'2016-07-05',0),
	(7,124,'2016-07-05',0),
	(7,125,'2016-07-05',0),
	(7,126,'2016-07-05',0),
	(8,127,'2016-07-07',0),
	(8,128,'2016-07-07',0),
	(8,129,'2016-07-07',0),
	(8,130,'2016-07-07',0),
	(8,131,'2016-07-07',0),
	(8,132,'2016-07-07',0),
	(8,133,'2016-07-07',0),
	(8,134,'2016-07-07',0),
	(8,135,'2016-07-07',0),
	(8,136,'2016-07-07',0),
	(8,137,'2016-07-07',0),
	(8,138,'2016-07-07',0),
	(8,139,'2016-07-07',0),
	(8,140,'2016-07-07',0),
	(8,141,'2016-07-07',0),
	(8,142,'2016-07-07',0),
	(9,143,'2016-07-29',0),
	(9,144,'2016-07-29',0),
	(9,145,'2016-07-29',0),
	(9,146,'2016-07-29',0),
	(9,147,'2016-07-29',0),
	(9,148,'2016-07-29',0),
	(9,149,'2016-07-29',0),
	(9,150,'2016-07-29',0),
	(9,151,'2016-07-29',0),
	(9,152,'2016-07-29',0),
	(9,153,'2016-07-29',0),
	(9,154,'2016-07-29',0),
	(9,155,'2016-07-29',0),
	(9,156,'2016-07-29',0),
	(9,157,'2016-07-29',0),
	(9,158,'2016-07-29',0),
	(9,159,'2016-07-29',0),
	(9,160,'2016-07-29',0),
	(9,161,'2016-07-29',0),
	(9,162,'2016-07-29',0),
	(9,163,'2016-07-29',0),
	(9,164,'2016-07-29',0),
	(9,165,'2016-07-29',0),
	(9,166,'2016-07-29',0),
	(9,167,'2016-07-29',0),
	(9,168,'2016-07-29',0),
	(9,169,'2016-07-29',0),
	(9,170,'2016-07-29',0),
	(9,171,'2016-07-29',0),
	(9,172,'2016-07-29',0),
	(10,173,'2016-08-06',0),
	(10,174,'2016-08-06',0),
	(10,175,'2016-08-06',0),
	(10,176,'2016-08-06',0),
	(10,177,'2016-08-06',0),
	(10,178,'2016-08-06',0),
	(10,179,'2016-08-06',0),
	(10,180,'2016-08-06',0),
	(10,181,'2016-08-06',0),
	(10,182,'2016-08-06',0),
	(10,183,'2016-08-06',0),
	(10,184,'2016-08-06',0),
	(10,185,'2016-08-06',0),
	(10,186,'2016-08-06',0),
	(10,187,'2016-08-06',0),
	(10,188,'2016-08-06',0),
	(10,189,'2016-08-06',0),
	(10,190,'2016-08-06',0),
	(10,191,'2016-08-06',0),
	(10,192,'2016-08-06',0),
	(10,193,'2016-08-06',0),
	(10,194,'2016-08-06',0),
	(10,195,'2016-08-06',0),
	(10,196,'2016-08-06',0),
	(10,197,'2016-08-06',0),
	(10,198,'2016-08-06',0),
	(10,199,'2016-08-06',0),
	(11,200,'2016-07-17',0),
	(11,201,'2016-07-17',0),
	(11,202,'2016-07-17',0),
	(11,203,'2016-07-17',0),
	(11,204,'2016-07-17',0),
	(11,205,'2016-07-17',0),
	(11,206,'2016-07-17',0),
	(11,207,'2016-07-17',0),
	(11,208,'2016-07-17',0),
	(11,209,'2016-07-17',0),
	(11,210,'2016-07-17',0),
	(11,211,'2016-07-17',0),
	(11,212,'2016-07-17',0),
	(11,213,'2016-07-17',0),
	(11,214,'2016-07-17',0),
	(11,215,'2016-07-17',0),
	(11,216,'2016-07-17',0),
	(11,217,'2016-07-17',0),
	(11,218,'2016-07-17',0),
	(11,219,'2016-07-17',0),
	(11,220,'2016-07-17',0),
	(11,221,'2016-07-17',0),
	(11,222,'2016-07-17',0),
	(12,223,'2016-07-18',0),
	(12,224,'2016-07-18',0),
	(12,225,'2016-07-18',0),
	(12,226,'2016-07-18',0),
	(12,227,'2016-07-18',0),
	(12,228,'2016-07-18',0),
	(12,229,'2016-07-18',0),
	(12,230,'2016-07-18',0),
	(12,231,'2016-07-18',0),
	(12,232,'2016-07-18',0),
	(12,233,'2016-07-18',0),
	(12,234,'2016-07-18',0),
	(12,235,'2016-07-18',0),
	(12,236,'2016-07-18',0),
	(12,237,'2016-07-18',0),
	(12,238,'2016-07-18',0),
	(12,239,'2016-07-18',0),
	(12,240,'2016-07-18',0),
	(12,241,'2016-07-18',0),
	(12,242,'2016-07-18',0),
	(12,243,'2016-07-18',0),
	(12,244,'2016-07-18',0),
	(12,245,'2016-07-18',0),
	(12,246,'2016-07-18',0),
	(12,247,'2016-07-18',0),
	(13,248,'2016-08-31',0),
	(13,249,'2016-08-31',0),
	(13,250,'2016-08-31',0),
	(13,251,'2016-08-31',0),
	(13,252,'2016-08-31',0),
	(13,253,'2016-08-31',0),
	(13,254,'2016-08-31',0),
	(13,255,'2016-08-31',0),
	(13,256,'2016-08-31',0),
	(13,257,'2016-08-31',0),
	(13,258,'2016-08-31',0),
	(13,259,'2016-08-31',0),
	(13,260,'2016-08-31',0),
	(13,261,'2016-08-31',0),
	(13,262,'2016-08-31',0),
	(13,263,'2016-08-31',0),
	(13,264,'2016-08-31',0),
	(13,265,'2016-08-31',0),
	(13,266,'2016-08-31',0),
	(13,267,'2016-08-31',0),
	(13,268,'2016-08-31',0),
	(13,269,'2016-08-31',0),
	(13,270,'2016-08-31',0),
	(13,271,'2016-08-31',0),
	(13,272,'2016-08-31',0),
	(13,273,'2016-08-31',0),
	(13,274,'2016-08-31',0),
	(13,275,'2016-08-31',0),
	(13,276,'2016-08-31',0),
	(13,277,'2016-08-31',0),
	(13,278,'2016-08-31',0),
	(13,279,'2016-08-31',0),
	(14,280,'2016-08-31',0),
	(14,281,'2016-08-31',0),
	(14,282,'2016-08-31',0),
	(14,283,'2016-08-31',0),
	(14,284,'2016-08-31',0),
	(14,285,'2016-08-31',0),
	(14,286,'2016-08-31',0),
	(14,287,'2016-08-31',0),
	(14,288,'2016-08-31',0),
	(14,289,'2016-08-31',0),
	(14,290,'2016-08-31',0),
	(14,291,'2016-08-31',0),
	(14,292,'2016-08-31',0),
	(14,293,'2016-08-31',0),
	(14,294,'2016-08-31',0),
	(14,295,'2016-08-31',0),
	(14,296,'2016-08-31',0),
	(14,297,'2016-08-31',0),
	(14,298,'2016-08-31',0),
	(14,299,'2016-08-31',0),
	(14,300,'2016-08-31',0),
	(14,301,'2016-08-31',0),
	(14,302,'2016-08-31',0),
	(14,303,'2016-08-31',0),
	(15,304,'2016-08-15',0),
	(15,305,'2016-08-15',0),
	(15,306,'2016-08-15',0),
	(15,307,'2016-08-15',0),
	(15,308,'2016-08-15',0),
	(15,309,'2016-08-15',0),
	(15,310,'2016-08-15',0),
	(15,311,'2016-08-15',0),
	(15,312,'2016-08-15',0),
	(15,313,'2016-08-15',0),
	(15,314,'2016-08-15',0),
	(15,315,'2016-08-15',0),
	(15,316,'2016-08-15',0),
	(15,317,'2016-08-15',0),
	(15,318,'2016-08-15',0),
	(15,319,'2016-08-15',0),
	(15,320,'2016-08-15',0),
	(15,321,'2016-08-15',0),
	(15,322,'2016-08-15',0),
	(15,323,'2016-08-15',0),
	(15,324,'2016-08-15',0),
	(15,325,'2016-08-15',0),
	(15,326,'2016-08-15',0),
	(16,327,'2016-07-22',0),
	(16,328,'2016-07-22',0),
	(16,329,'2016-07-22',0),
	(16,330,'2016-07-22',0),
	(16,331,'2016-07-22',0),
	(16,332,'2016-07-22',0),
	(16,333,'2016-07-22',0),
	(16,334,'2016-07-22',0),
	(16,335,'2016-07-22',0),
	(16,336,'2016-07-22',0),
	(16,337,'2016-07-22',0),
	(16,338,'2016-07-22',0),
	(16,339,'2016-07-22',0),
	(16,340,'2016-07-22',0),
	(16,341,'2016-07-22',0),
	(16,342,'2016-07-22',0),
	(16,343,'2016-07-22',0),
	(16,344,'2016-07-22',0),
	(16,345,'2016-07-22',0),
	(16,346,'2016-07-22',0),
	(16,347,'2016-07-22',0),
	(16,348,'2016-07-22',0),
	(16,349,'2016-07-22',0),
	(16,350,'2016-07-22',0),
	(16,351,'2016-07-22',0),
	(16,352,'2016-07-22',0),
	(16,353,'2016-07-22',0),
	(16,354,'2016-07-22',0),
	(16,355,'2016-07-22',0),
	(16,356,'2016-07-22',0),
	(16,357,'2016-07-22',0),
	(17,358,'2016-08-17',0),
	(17,359,'2016-08-17',0),
	(17,360,'2016-08-17',0),
	(17,361,'2016-08-17',0),
	(17,362,'2016-08-17',0),
	(17,363,'2016-08-17',0),
	(17,364,'2016-08-17',0),
	(17,365,'2016-08-17',0),
	(17,366,'2016-08-17',0),
	(17,367,'2016-08-17',0),
	(17,368,'2016-08-17',0),
	(17,369,'2016-08-17',0),
	(17,370,'2016-08-17',0),
	(17,371,'2016-08-17',0),
	(17,372,'2016-08-17',0),
	(17,373,'2016-08-17',0),
	(17,374,'2016-08-17',0),
	(17,375,'2016-08-17',0),
	(17,376,'2016-08-17',0),
	(17,377,'2016-08-17',0),
	(17,378,'2016-08-17',0),
	(17,379,'2016-08-17',0),
	(17,380,'2016-08-17',0),
	(17,381,'2016-08-17',0),
	(18,382,'2016-07-30',0),
	(18,383,'2016-07-30',0),
	(18,384,'2016-07-30',0),
	(18,385,'2016-07-30',0),
	(18,386,'2016-07-30',0),
	(18,387,'2016-07-30',0),
	(18,388,'2016-07-30',0),
	(18,389,'2016-07-30',0),
	(18,390,'2016-07-30',0),
	(18,391,'2016-07-30',0),
	(18,392,'2016-07-30',0),
	(18,393,'2016-07-30',0),
	(18,394,'2016-07-30',0),
	(18,395,'2016-07-30',0),
	(18,396,'2016-07-30',0),
	(18,397,'2016-07-30',0),
	(18,398,'2016-07-30',0),
	(18,399,'2016-07-30',0),
	(18,400,'2016-07-30',0),
	(18,401,'2016-07-30',0),
	(18,402,'2016-07-30',0),
	(18,403,'2016-07-30',0),
	(18,404,'2016-07-30',0),
	(18,405,'2016-07-30',0),
	(18,406,'2016-07-30',0),
	(18,407,'2016-07-30',0),
	(18,408,'2016-07-30',0),
	(18,409,'2016-07-30',0),
	(19,410,'2016-08-17',0),
	(19,411,'2016-08-17',0),
	(19,412,'2016-08-17',0),
	(19,413,'2016-08-17',0),
	(19,414,'2016-08-17',0),
	(19,415,'2016-08-17',0),
	(19,416,'2016-08-17',0),
	(19,417,'2016-08-17',0),
	(19,418,'2016-08-17',0),
	(19,419,'2016-08-17',0),
	(19,420,'2016-08-17',0),
	(19,421,'2016-08-17',0),
	(19,422,'2016-08-17',0),
	(19,423,'2016-08-17',0),
	(19,424,'2016-08-17',0),
	(19,425,'2016-08-17',0),
	(19,426,'2016-08-17',0),
	(19,427,'2016-08-17',0),
	(19,428,'2016-08-17',0),
	(19,429,'2016-08-17',0),
	(19,430,'2016-08-17',0),
	(19,431,'2016-08-17',0),
	(19,432,'2016-08-17',0),
	(19,433,'2016-08-17',0),
	(19,434,'2016-08-17',0),
	(20,435,'2016-07-06',0),
	(20,436,'2016-07-06',0),
	(20,437,'2016-07-06',0),
	(20,438,'2016-07-06',0),
	(20,439,'2016-07-06',0),
	(20,440,'2016-07-06',0),
	(20,441,'2016-07-06',0),
	(20,442,'2016-07-06',0),
	(20,443,'2016-07-06',0),
	(20,444,'2016-07-06',0),
	(20,445,'2016-07-06',0),
	(20,446,'2016-07-06',0),
	(20,447,'2016-07-06',0),
	(20,448,'2016-07-06',0),
	(20,449,'2016-07-06',0),
	(20,450,'2016-07-06',0),
	(20,451,'2016-07-06',0),
	(20,452,'2016-07-06',0),
	(20,453,'2016-07-06',0),
	(20,454,'2016-07-06',0),
	(20,455,'2016-07-06',0),
	(20,456,'2016-07-06',0),
	(20,457,'2016-07-06',0),
	(20,458,'2016-07-06',0),
	(20,459,'2016-07-06',0),
	(20,460,'2016-07-06',0),
	(20,461,'2016-07-06',0),
	(20,462,'2016-07-06',0),
	(20,463,'2016-07-06',0),
	(21,464,'2016-07-08',0),
	(21,465,'2016-07-08',0),
	(21,466,'2016-07-08',0),
	(21,467,'2016-07-08',0),
	(21,468,'2016-07-08',0),
	(21,469,'2016-07-08',0),
	(21,470,'2016-07-08',0),
	(21,471,'2016-07-08',0),
	(21,472,'2016-07-08',0),
	(21,473,'2016-07-08',0),
	(21,474,'2016-07-08',0),
	(21,475,'2016-07-08',0),
	(21,476,'2016-07-08',0),
	(21,477,'2016-07-08',0),
	(21,478,'2016-07-08',0),
	(21,479,'2016-07-08',0),
	(21,480,'2016-07-08',0),
	(21,481,'2016-07-08',0),
	(21,482,'2016-07-08',0),
	(21,483,'2016-07-08',0),
	(21,484,'2016-07-08',0),
	(21,485,'2016-07-08',0),
	(21,486,'2016-07-08',0),
	(21,487,'2016-07-08',0),
	(21,488,'2016-07-08',0),
	(22,489,'2016-08-12',0),
	(22,490,'2016-08-12',0),
	(22,491,'2016-08-12',0),
	(22,492,'2016-08-12',0),
	(22,493,'2016-08-12',0),
	(22,494,'2016-08-12',0),
	(22,495,'2016-08-12',0),
	(22,496,'2016-08-12',0),
	(22,497,'2016-08-12',0),
	(22,498,'2016-08-12',0),
	(22,499,'2016-08-12',0),
	(22,500,'2016-08-12',0),
	(22,501,'2016-08-12',0),
	(22,502,'2016-08-12',0),
	(22,503,'2016-08-12',0),
	(22,504,'2016-08-12',0),
	(22,505,'2016-08-12',0),
	(22,506,'2016-08-12',0),
	(22,507,'2016-08-12',0),
	(22,508,'2016-08-12',0),
	(22,509,'2016-08-12',0),
	(22,510,'2016-08-12',0),
	(22,511,'2016-08-12',0),
	(22,512,'2016-08-12',0),
	(22,513,'2016-08-12',0),
	(22,514,'2016-08-12',0),
	(23,515,'2016-07-22',0),
	(23,516,'2016-07-22',0),
	(23,517,'2016-07-22',0),
	(23,518,'2016-07-22',0),
	(23,519,'2016-07-22',0),
	(23,520,'2016-07-22',0),
	(23,521,'2016-07-22',0),
	(23,522,'2016-07-22',0),
	(23,523,'2016-07-22',0),
	(23,524,'2016-07-22',0),
	(23,525,'2016-07-22',0),
	(23,526,'2016-07-22',0),
	(23,527,'2016-07-22',0),
	(23,528,'2016-07-22',0),
	(23,529,'2016-07-22',0),
	(23,530,'2016-07-22',0),
	(23,531,'2016-07-22',0),
	(23,532,'2016-07-22',0),
	(23,533,'2016-07-22',0),
	(23,534,'2016-07-22',0),
	(23,535,'2016-07-22',0),
	(23,536,'2016-07-22',0),
	(23,537,'2016-07-22',0),
	(23,538,'2016-07-22',0),
	(24,539,'2016-08-17',0),
	(24,540,'2016-08-17',0),
	(24,541,'2016-08-17',0),
	(24,542,'2016-08-17',0),
	(24,543,'2016-08-17',0),
	(24,544,'2016-08-17',0),
	(24,545,'2016-08-17',0),
	(24,546,'2016-08-17',0),
	(24,547,'2016-08-17',0),
	(24,548,'2016-08-17',0),
	(24,549,'2016-08-17',0),
	(24,550,'2016-08-17',0),
	(24,551,'2016-08-17',0),
	(24,552,'2016-08-17',0),
	(24,553,'2016-08-17',0),
	(24,554,'2016-08-17',0),
	(24,555,'2016-08-17',0),
	(24,556,'2016-08-17',0),
	(24,557,'2016-08-17',0),
	(24,558,'2016-08-17',0),
	(24,559,'2016-08-17',0),
	(24,560,'2016-08-17',0),
	(24,561,'2016-08-17',0),
	(24,562,'2016-08-17',0),
	(24,563,'2016-08-17',0),
	(25,564,'2016-07-30',0),
	(25,565,'2016-07-30',0),
	(25,566,'2016-07-30',0),
	(25,567,'2016-07-30',0),
	(25,568,'2016-07-30',0),
	(25,569,'2016-07-30',0),
	(25,570,'2016-07-30',0),
	(25,571,'2016-07-30',0),
	(25,572,'2016-07-30',0),
	(25,573,'2016-07-30',0),
	(25,574,'2016-07-30',0),
	(25,575,'2016-07-30',0),
	(25,576,'2016-07-30',0),
	(25,577,'2016-07-30',0),
	(25,578,'2016-07-30',0),
	(25,579,'2016-07-30',0),
	(25,580,'2016-07-30',0),
	(25,581,'2016-07-30',0),
	(25,582,'2016-07-30',0),
	(25,583,'2016-07-30',0),
	(25,584,'2016-07-30',0),
	(25,585,'2016-07-30',0),
	(25,586,'2016-07-30',0),
	(25,587,'2016-07-30',0),
	(25,588,'2016-07-30',0),
	(25,589,'2016-07-30',0),
	(26,590,'2016-07-18',0),
	(26,591,'2016-07-18',0),
	(26,592,'2016-07-18',0),
	(26,593,'2016-07-18',0),
	(26,594,'2016-07-18',0),
	(26,595,'2016-07-18',0),
	(26,596,'2016-07-18',0),
	(26,597,'2016-07-18',0),
	(26,598,'2016-07-18',0),
	(26,599,'2016-07-18',0),
	(26,600,'2016-07-18',0),
	(26,601,'2016-07-18',0),
	(26,602,'2016-07-18',0),
	(26,603,'2016-07-18',0),
	(26,604,'2016-07-18',0),
	(26,605,'2016-07-18',0),
	(26,606,'2016-07-18',0),
	(26,607,'2016-07-18',0),
	(26,608,'2016-07-18',0),
	(26,609,'2016-07-18',0),
	(26,610,'2016-07-18',0),
	(26,611,'2016-07-18',0),
	(26,612,'2016-07-18',0),
	(26,613,'2016-07-18',0),
	(26,614,'2016-07-18',0),
	(26,615,'2016-07-18',0),
	(26,616,'2016-07-18',0),
	(26,617,'2016-07-18',0),
	(27,618,'2016-07-20',0),
	(27,619,'2016-07-20',0),
	(27,620,'2016-07-20',0),
	(27,621,'2016-07-20',0),
	(27,622,'2016-07-20',0),
	(27,623,'2016-07-20',0),
	(27,624,'2016-07-20',0),
	(27,625,'2016-07-20',0),
	(27,626,'2016-07-20',0),
	(27,627,'2016-07-20',0),
	(27,628,'2016-07-20',0),
	(27,629,'2016-07-20',0),
	(27,630,'2016-07-20',0),
	(27,631,'2016-07-20',0),
	(27,632,'2016-07-20',0),
	(27,633,'2016-07-20',0),
	(27,634,'2016-07-20',0),
	(27,635,'2016-07-20',0),
	(27,636,'2016-07-20',0),
	(27,637,'2016-07-20',0),
	(27,638,'2016-07-20',0),
	(27,639,'2016-07-20',0),
	(27,640,'2016-07-20',0),
	(28,641,'2016-07-23',0),
	(28,642,'2016-07-23',0),
	(28,643,'2016-07-23',0),
	(28,644,'2016-07-23',0),
	(28,645,'2016-07-23',0),
	(28,646,'2016-07-23',0),
	(28,647,'2016-07-23',0),
	(28,648,'2016-07-23',0),
	(28,649,'2016-07-23',0),
	(28,650,'2016-07-23',0),
	(28,651,'2016-07-23',0),
	(28,652,'2016-07-23',0),
	(28,653,'2016-07-23',0),
	(28,654,'2016-07-23',0),
	(28,655,'2016-07-23',0),
	(28,656,'2016-07-23',0),
	(28,657,'2016-07-23',0),
	(28,658,'2016-07-23',0),
	(28,659,'2016-07-23',0),
	(28,660,'2016-07-23',0),
	(28,661,'2016-07-23',0),
	(28,662,'2016-07-23',0),
	(28,663,'2016-07-23',0),
	(28,664,'2016-07-23',0),
	(29,665,'2016-07-27',0),
	(29,666,'2016-07-27',0),
	(29,667,'2016-07-27',0),
	(29,668,'2016-07-27',0),
	(29,669,'2016-07-27',0),
	(29,670,'2016-07-27',0),
	(29,671,'2016-07-27',0),
	(29,672,'2016-07-27',0),
	(29,673,'2016-07-27',0),
	(29,674,'2016-07-27',0),
	(29,675,'2016-07-27',0),
	(29,676,'2016-07-27',0),
	(29,677,'2016-07-27',0),
	(29,678,'2016-07-27',0),
	(29,679,'2016-07-27',0),
	(29,680,'2016-07-27',0),
	(29,681,'2016-07-27',0),
	(29,682,'2016-07-27',0),
	(29,683,'2016-07-27',0),
	(29,684,'2016-07-27',0),
	(29,685,'2016-07-27',0),
	(29,686,'2016-07-27',0),
	(29,687,'2016-07-27',0),
	(30,688,'2016-07-29',0),
	(30,689,'2016-07-29',0),
	(30,690,'2016-07-29',0),
	(30,691,'2016-07-29',0),
	(30,692,'2016-07-29',0),
	(30,693,'2016-07-29',0),
	(30,694,'2016-07-29',0),
	(30,695,'2016-07-29',0),
	(30,696,'2016-07-29',0),
	(30,697,'2016-07-29',0),
	(30,698,'2016-07-29',0),
	(30,699,'2016-07-29',0),
	(30,700,'2016-07-29',0),
	(30,701,'2016-07-29',0),
	(30,702,'2016-07-29',0),
	(30,703,'2016-07-29',0),
	(30,704,'2016-07-29',0),
	(30,705,'2016-07-29',0),
	(30,706,'2016-07-29',0),
	(30,707,'2016-07-29',0),
	(30,708,'2016-07-29',0),
	(30,709,'2016-07-29',0),
	(30,710,'2016-07-29',0),
	(30,711,'2016-07-29',0),
	(30,712,'2016-07-29',0),
	(30,713,'2016-07-29',0),
	(30,714,'2016-07-29',0),
	(30,715,'2016-07-29',0),
	(31,716,'2016-08-29',0),
	(31,717,'2016-08-29',0),
	(31,718,'2016-08-29',0),
	(31,719,'2016-08-29',0),
	(31,720,'2016-08-29',0),
	(31,721,'2016-08-29',0),
	(31,722,'2016-08-29',0),
	(31,723,'2016-08-29',0),
	(31,724,'2016-08-29',0),
	(31,725,'2016-08-29',0),
	(31,726,'2016-08-29',0),
	(31,727,'2016-08-29',0),
	(31,728,'2016-08-29',0),
	(31,729,'2016-08-29',0),
	(31,730,'2016-08-29',0),
	(31,731,'2016-08-29',0),
	(31,732,'2016-08-29',0),
	(31,733,'2016-08-29',0),
	(31,734,'2016-08-29',0),
	(31,735,'2016-08-29',0),
	(31,736,'2016-08-29',0),
	(31,737,'2016-08-29',0),
	(31,738,'2016-08-29',0),
	(31,739,'2016-08-29',0),
	(31,740,'2016-08-29',0),
	(31,741,'2016-08-29',0),
	(32,742,'2015-08-26',0),
	(32,743,'2015-08-26',0),
	(32,744,'2015-08-26',0),
	(32,745,'2015-08-26',0),
	(32,746,'2015-08-26',0),
	(32,747,'2015-08-26',0),
	(32,748,'2015-08-26',0),
	(32,749,'2015-08-26',0),
	(32,750,'2015-08-26',0),
	(32,751,'2015-08-26',0),
	(32,752,'2015-08-26',0),
	(32,753,'2015-08-26',0),
	(32,754,'2015-08-26',0),
	(32,755,'2015-08-26',0),
	(32,756,'2015-08-26',0),
	(32,757,'2015-08-26',0),
	(32,758,'2015-08-26',0),
	(32,759,'2015-08-26',0),
	(32,760,'2015-08-26',0),
	(32,761,'2015-08-26',0),
	(32,762,'2015-08-26',0),
	(32,763,'2015-08-26',0),
	(32,764,'2015-08-26',0),
	(33,765,'2015-07-16',0),
	(33,766,'2015-07-16',0),
	(33,767,'2015-07-16',0),
	(33,768,'2015-07-16',0),
	(33,769,'2015-07-16',0),
	(33,770,'2015-07-16',0),
	(33,771,'2015-07-16',0),
	(33,772,'2015-07-16',0),
	(33,773,'2015-07-16',0),
	(33,774,'2015-07-16',0),
	(33,775,'2015-07-16',0),
	(33,776,'2015-07-16',0),
	(33,777,'2015-07-16',0),
	(33,778,'2015-07-16',0),
	(33,779,'2015-07-16',0),
	(33,780,'2015-07-16',0),
	(33,781,'2015-07-16',0),
	(33,782,'2015-07-16',0),
	(33,783,'2015-07-16',0),
	(33,784,'2015-07-16',0),
	(33,785,'2015-07-16',0),
	(33,786,'2015-07-16',0),
	(33,787,'2015-07-16',0),
	(33,788,'2015-07-16',0),
	(33,789,'2015-07-16',0),
	(33,790,'2015-07-16',0),
	(34,791,'2015-09-10',0),
	(34,792,'2015-09-10',0),
	(34,793,'2015-09-10',0),
	(34,794,'2015-09-10',0),
	(34,795,'2015-09-10',0),
	(34,796,'2015-09-10',0),
	(34,797,'2015-09-10',0),
	(34,798,'2015-09-10',0),
	(34,799,'2015-09-10',0),
	(34,800,'2015-09-10',0),
	(34,801,'2015-09-10',0),
	(34,802,'2015-09-10',0),
	(34,803,'2015-09-10',0),
	(34,804,'2015-09-10',0),
	(34,805,'2015-09-10',0),
	(34,806,'2015-09-10',0),
	(34,807,'2015-09-10',0),
	(34,808,'2015-09-10',0),
	(34,809,'2015-09-10',0),
	(34,810,'2015-09-10',0),
	(34,811,'2015-09-10',0),
	(34,812,'2015-09-10',0),
	(34,813,'2015-09-10',0),
	(34,814,'2015-09-10',0),
	(34,815,'2015-09-10',0),
	(34,816,'2015-09-10',0),
	(34,817,'2015-09-10',0),
	(34,818,'2015-09-10',0),
	(35,819,'2016-06-13',0),
	(35,820,'2016-06-13',0),
	(35,821,'2016-06-13',0),
	(35,822,'2016-06-13',0),
	(35,823,'2016-06-13',0),
	(35,824,'2016-06-13',0),
	(35,825,'2016-06-13',0),
	(35,826,'2016-06-13',0),
	(35,827,'2016-06-13',0),
	(35,828,'2016-06-13',0),
	(35,829,'2016-06-13',0),
	(35,830,'2016-06-13',0),
	(35,831,'2016-06-13',0),
	(35,832,'2016-06-13',0),
	(35,833,'2016-06-13',0),
	(35,834,'2016-06-13',0),
	(35,835,'2016-06-13',0),
	(35,836,'2016-06-13',0),
	(35,837,'2016-06-13',0),
	(35,838,'2016-06-13',0),
	(35,839,'2016-06-13',0),
	(35,840,'2016-06-13',0),
	(35,841,'2016-06-13',0),
	(35,842,'2016-06-13',0),
	(35,843,'2016-06-13',0),
	(35,844,'2016-06-13',0),
	(36,845,'2016-05-27',0),
	(36,846,'2016-05-27',0),
	(36,847,'2016-05-27',0),
	(36,848,'2016-05-27',0),
	(36,849,'2016-05-27',0),
	(36,850,'2016-05-27',0),
	(36,851,'2016-05-27',0),
	(36,852,'2016-05-27',0),
	(36,853,'2016-05-27',0),
	(36,854,'2016-05-27',0),
	(36,855,'2016-05-27',0),
	(36,856,'2016-05-27',0),
	(36,857,'2016-05-27',0),
	(36,858,'2016-05-27',0),
	(36,859,'2016-05-27',0),
	(36,860,'2016-05-27',0),
	(36,861,'2016-05-27',0),
	(36,862,'2016-05-27',0),
	(36,863,'2016-05-27',0),
	(36,864,'2016-05-27',0),
	(36,865,'2016-05-27',0),
	(36,866,'2016-05-27',0),
	(36,867,'2016-05-27',0),
	(36,868,'2016-05-27',0),
	(36,869,'2016-05-27',0),
	(36,870,'2016-05-27',0),
	(36,871,'2016-05-27',0),
	(37,872,'2016-07-21',0),
	(37,873,'2016-07-21',0),
	(37,874,'2016-07-21',0),
	(37,875,'2016-07-21',0),
	(37,876,'2016-07-21',0),
	(37,877,'2016-07-21',0),
	(37,878,'2016-07-21',0),
	(37,879,'2016-07-21',0),
	(37,880,'2016-07-21',0),
	(37,881,'2016-07-21',0),
	(37,882,'2016-07-21',0),
	(37,883,'2016-07-21',0),
	(37,884,'2016-07-21',0),
	(37,885,'2016-07-21',0),
	(37,886,'2016-07-21',0),
	(37,887,'2016-07-21',0),
	(37,888,'2016-07-21',0),
	(37,889,'2016-07-21',0),
	(37,890,'2016-07-21',0),
	(37,891,'2016-07-21',0),
	(37,892,'2016-07-21',0),
	(37,893,'2016-07-21',0),
	(37,894,'2016-07-21',0),
	(37,895,'2016-07-21',0),
	(37,896,'2016-07-21',0),
	(37,897,'2016-07-21',0),
	(37,898,'2016-07-21',0),
	(37,899,'2016-07-21',0),
	(38,900,'2016-08-11',0),
	(38,901,'2016-08-11',0),
	(38,902,'2016-08-11',0),
	(38,903,'2016-08-11',0),
	(38,904,'2016-08-11',0),
	(38,905,'2016-08-11',0),
	(38,906,'2016-08-11',0),
	(38,907,'2016-08-11',0),
	(38,908,'2016-08-11',0),
	(38,909,'2016-08-11',0),
	(38,910,'2016-08-11',0),
	(38,911,'2016-08-11',0),
	(38,912,'2016-08-11',0),
	(38,913,'2016-08-11',0),
	(38,914,'2016-08-11',0),
	(38,915,'2016-08-11',0),
	(38,916,'2016-08-11',0),
	(38,917,'2016-08-11',0),
	(38,918,'2016-08-11',0),
	(38,919,'2016-08-11',0),
	(38,920,'2016-08-11',0),
	(38,921,'2016-08-11',0),
	(38,922,'2016-08-11',0),
	(38,923,'2016-08-11',0),
	(38,924,'2016-08-11',0),
	(38,925,'2016-08-11',0),
	(38,926,'2016-08-11',0),
	(39,927,'2016-08-13',0),
	(39,928,'2016-08-13',0),
	(39,929,'2016-08-13',0),
	(39,930,'2016-08-13',0),
	(39,931,'2016-08-13',0),
	(39,932,'2016-08-13',0),
	(39,933,'2016-08-13',0),
	(39,934,'2016-08-13',0),
	(39,935,'2016-08-13',0),
	(39,936,'2016-08-13',0),
	(39,937,'2016-08-13',0),
	(39,938,'2016-08-13',0),
	(39,939,'2016-08-13',0),
	(39,940,'2016-08-13',0),
	(39,941,'2016-08-13',0),
	(39,942,'2016-08-13',0),
	(39,943,'2016-08-13',0),
	(39,944,'2016-08-13',0),
	(39,945,'2016-08-13',0),
	(39,946,'2016-08-13',0),
	(39,947,'2016-08-13',0),
	(39,948,'2016-08-13',0),
	(39,949,'2016-08-13',0),
	(39,950,'2016-08-13',0),
	(40,951,'2016-08-19',0),
	(40,952,'2016-08-19',0),
	(40,953,'2016-08-19',0),
	(40,954,'2016-08-19',0),
	(40,955,'2016-08-19',0),
	(40,956,'2016-08-19',0),
	(40,957,'2016-08-19',0),
	(40,958,'2016-08-19',0),
	(40,959,'2016-08-19',0),
	(40,960,'2016-08-19',0),
	(40,961,'2016-08-19',0),
	(40,962,'2016-08-19',0),
	(40,963,'2016-08-19',0),
	(40,964,'2016-08-19',0),
	(40,965,'2016-08-19',0),
	(40,966,'2016-08-19',0),
	(40,967,'2016-08-19',0),
	(40,968,'2016-08-19',0),
	(40,969,'2016-08-19',0),
	(40,970,'2016-08-19',0),
	(40,971,'2016-08-19',0),
	(40,972,'2016-08-19',0),
	(40,973,'2016-08-19',0),
	(40,974,'2016-08-19',0),
	(40,975,'2016-08-19',0),
	(40,976,'2016-08-19',0),
	(40,977,'2016-08-19',0),
	(40,978,'2016-08-19',0),
	(40,979,'2016-08-19',0),
	(40,980,'2016-08-19',0),
	(41,981,'2016-04-21',0),
	(41,982,'2016-04-21',0),
	(41,983,'2016-04-21',0),
	(41,984,'2016-04-21',0),
	(41,985,'2016-04-21',0),
	(41,986,'2016-04-21',0),
	(41,987,'2016-04-21',0),
	(41,988,'2016-04-21',0),
	(41,989,'2016-04-21',0),
	(41,990,'2016-04-21',0),
	(41,991,'2016-04-21',0),
	(41,992,'2016-04-21',0),
	(41,993,'2016-04-21',0),
	(41,994,'2016-04-21',0),
	(41,995,'2016-04-21',0),
	(41,996,'2016-04-21',0),
	(41,997,'2016-04-21',0),
	(41,998,'2016-04-21',0),
	(41,999,'2016-04-21',0),
	(41,1000,'2016-04-21',0),
	(41,1001,'2016-04-21',0),
	(41,1002,'2016-04-21',0),
	(41,1003,'2016-04-21',0),
	(41,1004,'2016-04-21',0),
	(41,1005,'2016-04-21',0),
	(41,1006,'2016-04-21',0),
	(41,1007,'2016-04-21',0),
	(41,1008,'2016-04-21',0),
	(41,1009,'2016-04-21',0),
	(41,1010,'2016-04-21',0),
	(42,1011,'2016-03-28',0),
	(42,1012,'2016-03-28',0),
	(42,1013,'2016-03-28',0),
	(42,1014,'2016-03-28',0),
	(42,1015,'2016-03-28',0),
	(42,1016,'2016-03-28',0),
	(42,1017,'2016-03-28',0),
	(42,1018,'2016-03-28',0),
	(42,1019,'2016-03-28',0),
	(42,1020,'2016-03-28',0),
	(42,1021,'2016-03-28',0),
	(42,1022,'2016-03-28',0),
	(42,1023,'2016-03-28',0),
	(42,1024,'2016-03-28',0),
	(42,1025,'2016-03-28',0),
	(42,1026,'2016-03-28',0),
	(42,1027,'2016-03-28',0),
	(42,1028,'2016-03-28',0),
	(42,1029,'2016-03-28',0),
	(42,1030,'2016-03-28',0),
	(42,1031,'2016-03-28',0),
	(42,1032,'2016-03-28',0),
	(42,1033,'2016-03-28',0),
	(42,1034,'2016-03-28',0),
	(42,1035,'2016-03-28',0),
	(42,1036,'2016-03-28',0),
	(42,1037,'2016-03-28',0),
	(43,1038,'2016-06-23',0),
	(43,1039,'2016-06-23',0),
	(43,1040,'2016-06-23',0),
	(43,1041,'2016-06-23',0),
	(43,1042,'2016-06-23',0),
	(43,1043,'2016-06-23',0),
	(43,1044,'2016-06-23',0),
	(43,1045,'2016-06-23',0),
	(43,1046,'2016-06-23',0),
	(43,1047,'2016-06-23',0),
	(43,1048,'2016-06-23',0),
	(43,1049,'2016-06-23',0),
	(43,1050,'2016-06-23',0),
	(43,1051,'2016-06-23',0),
	(43,1052,'2016-06-23',0),
	(43,1053,'2016-06-23',0),
	(43,1054,'2016-06-23',0),
	(43,1055,'2016-06-23',0),
	(43,1056,'2016-06-23',0),
	(43,1057,'2016-06-23',0),
	(43,1058,'2016-06-23',0),
	(43,1059,'2016-06-23',0),
	(43,1060,'2016-06-23',0),
	(43,1061,'2016-06-23',0),
	(43,1062,'2016-06-23',0),
	(43,1063,'2016-06-23',0),
	(43,1064,'2016-06-23',0),
	(44,1065,'2016-06-26',0),
	(44,1066,'2016-06-26',0),
	(44,1067,'2016-06-26',0),
	(44,1068,'2016-06-26',0),
	(44,1069,'2016-06-26',0),
	(44,1070,'2016-06-26',0),
	(44,1071,'2016-06-26',0),
	(44,1072,'2016-06-26',0),
	(44,1073,'2016-06-26',0),
	(44,1074,'2016-06-26',0),
	(44,1075,'2016-06-26',0),
	(44,1076,'2016-06-26',0),
	(44,1077,'2016-06-26',0),
	(44,1078,'2016-06-26',0),
	(44,1079,'2016-06-26',0),
	(44,1080,'2016-06-26',0),
	(44,1081,'2016-06-26',0),
	(44,1082,'2016-06-26',0),
	(44,1083,'2016-06-26',0),
	(44,1084,'2016-06-26',0),
	(44,1085,'2016-06-26',0),
	(44,1086,'2016-06-26',0),
	(44,1087,'2016-06-26',0),
	(44,1088,'2016-06-26',0),
	(44,1089,'2016-06-26',0),
	(44,1090,'2016-06-26',0),
	(44,1091,'2016-06-26',0),
	(44,1092,'2016-06-26',0),
	(44,1093,'2016-06-26',0),
	(45,1094,'2016-06-25',0),
	(45,1095,'2016-06-25',0),
	(45,1096,'2016-06-25',0),
	(45,1097,'2016-06-25',0),
	(45,1098,'2016-06-25',0),
	(45,1099,'2016-06-25',0),
	(45,1100,'2016-06-25',0),
	(45,1101,'2016-06-25',0),
	(45,1102,'2016-06-25',0),
	(45,1103,'2016-06-25',0),
	(45,1104,'2016-06-25',0),
	(45,1105,'2016-06-25',0),
	(45,1106,'2016-06-25',0),
	(45,1107,'2016-06-25',0),
	(45,1108,'2016-06-25',0),
	(45,1109,'2016-06-25',0),
	(45,1110,'2016-06-25',0),
	(45,1111,'2016-06-25',0),
	(45,1112,'2016-06-25',0),
	(45,1113,'2016-06-25',0),
	(45,1114,'2016-06-25',0),
	(45,1115,'2016-06-25',0),
	(45,1116,'2016-06-25',0),
	(45,1117,'2016-06-25',0),
	(45,1118,'2016-06-25',0),
	(45,1119,'2016-06-25',0),
	(45,1120,'2016-06-25',0),
	(45,1121,'2016-06-25',0),
	(45,1122,'2016-06-25',0),
	(46,1123,'2016-05-29',0),
	(46,1124,'2016-05-29',0),
	(46,1125,'2016-05-29',0),
	(46,1126,'2016-05-29',0),
	(46,1127,'2016-05-29',0),
	(46,1128,'2016-05-29',0),
	(46,1129,'2016-05-29',0),
	(46,1130,'2016-05-29',0),
	(46,1131,'2016-05-29',0),
	(46,1132,'2016-05-29',0),
	(46,1133,'2016-05-29',0),
	(46,1134,'2016-05-29',0),
	(46,1135,'2016-05-29',0),
	(46,1136,'2016-05-29',0),
	(46,1137,'2016-05-29',0),
	(46,1138,'2016-05-29',0),
	(46,1139,'2016-05-29',0),
	(46,1140,'2016-05-29',0),
	(46,1141,'2016-05-29',0),
	(46,1142,'2016-05-29',0),
	(46,1143,'2016-05-29',0),
	(46,1144,'2016-05-29',0),
	(46,1145,'2016-05-29',0),
	(46,1146,'2016-05-29',0),
	(46,1147,'2016-05-29',0),
	(46,1148,'2016-05-29',0),
	(46,1149,'2016-05-29',0),
	(46,1150,'2016-05-29',0),
	(46,1151,'2016-05-29',0),
	(46,1152,'2016-05-29',0),
	(46,1153,'2016-05-29',0),
	(47,1154,'2016-05-22',0),
	(47,1155,'2016-05-22',0),
	(47,1156,'2016-05-22',0),
	(47,1157,'2016-05-22',0),
	(47,1158,'2016-05-22',0),
	(47,1159,'2016-05-22',0),
	(47,1160,'2016-05-22',0),
	(47,1161,'2016-05-22',0),
	(47,1162,'2016-05-22',0),
	(47,1163,'2016-05-22',0),
	(47,1164,'2016-05-22',0),
	(47,1165,'2016-05-22',0),
	(47,1166,'2016-05-22',0),
	(47,1167,'2016-05-22',0),
	(47,1168,'2016-05-22',0),
	(47,1169,'2016-05-22',0),
	(47,1170,'2016-05-22',0),
	(47,1171,'2016-05-22',0),
	(47,1172,'2016-05-22',0),
	(47,1173,'2016-05-22',0),
	(47,1174,'2016-05-22',0),
	(47,1175,'2016-05-22',0),
	(47,1176,'2016-05-22',0),
	(47,1177,'2016-05-22',0),
	(47,1178,'2016-05-22',0),
	(47,1179,'2016-05-22',0),
	(47,1180,'2016-05-22',0),
	(47,1181,'2016-05-22',0),
	(47,1182,'2016-05-22',0),
	(47,1183,'2016-05-22',0),
	(48,1184,'2016-06-03',0),
	(48,1185,'2016-06-03',0),
	(48,1186,'2016-06-03',0),
	(48,1187,'2016-06-03',0),
	(48,1188,'2016-06-03',0),
	(48,1189,'2016-06-03',0),
	(48,1190,'2016-06-03',0),
	(48,1191,'2016-06-03',0),
	(48,1192,'2016-06-03',0),
	(48,1193,'2016-06-03',0),
	(48,1194,'2016-06-03',0),
	(48,1195,'2016-06-03',0),
	(48,1196,'2016-06-03',0),
	(48,1197,'2016-06-03',0),
	(48,1198,'2016-06-03',0),
	(48,1199,'2016-06-03',0),
	(48,1200,'2016-06-03',0),
	(48,1201,'2016-06-03',0),
	(48,1202,'2016-06-03',0),
	(48,1203,'2016-06-03',0),
	(48,1204,'2016-06-03',0),
	(48,1205,'2016-06-03',0),
	(48,1206,'2016-06-03',0),
	(48,1207,'2016-06-03',0),
	(48,1208,'2016-06-03',0),
	(48,1209,'2016-06-03',0),
	(48,1210,'2016-06-03',0),
	(48,1211,'2016-06-03',0),
	(48,1212,'2016-06-03',0),
	(48,1213,'2016-06-03',0),
	(49,1214,'2016-08-01',0),
	(49,1215,'2016-08-01',0),
	(49,1216,'2016-08-01',0),
	(49,1217,'2016-08-01',0),
	(49,1218,'2016-08-01',0),
	(49,1219,'2016-08-01',0),
	(49,1220,'2016-08-01',0),
	(49,1221,'2016-08-01',0),
	(49,1222,'2016-08-01',0),
	(49,1223,'2016-08-01',0),
	(49,1224,'2016-08-01',0),
	(49,1225,'2016-08-01',0),
	(49,1226,'2016-08-01',0),
	(49,1227,'2016-08-01',0),
	(49,1228,'2016-08-01',0),
	(49,1229,'2016-08-01',0),
	(49,1230,'2016-08-01',0),
	(49,1231,'2016-08-01',0),
	(49,1232,'2016-08-01',0),
	(49,1233,'2016-08-01',0),
	(49,1234,'2016-08-01',0),
	(49,1235,'2016-08-01',0),
	(49,1236,'2016-08-01',0),
	(49,1237,'2016-08-01',0),
	(49,1238,'2016-08-01',0),
	(49,1239,'2016-08-01',0),
	(49,1240,'2016-08-01',0),
	(49,1241,'2016-08-01',0),
	(49,1242,'2016-08-01',0),
	(49,1243,'2016-08-01',0),
	(50,1244,'2016-08-04',0),
	(50,1245,'2016-08-04',0),
	(50,1246,'2016-08-04',0),
	(50,1247,'2016-08-04',0),
	(50,1248,'2016-08-04',0),
	(50,1249,'2016-08-04',0),
	(50,1250,'2016-08-04',0),
	(50,1251,'2016-08-04',0),
	(50,1252,'2016-08-04',0),
	(50,1253,'2016-08-04',0),
	(50,1254,'2016-08-04',0),
	(50,1255,'2016-08-04',0),
	(50,1256,'2016-08-04',0),
	(50,1257,'2016-08-04',0),
	(50,1258,'2016-08-04',0),
	(50,1259,'2016-08-04',0),
	(50,1260,'2016-08-04',0),
	(50,1261,'2016-08-04',0),
	(50,1262,'2016-08-04',0),
	(50,1263,'2016-08-04',0),
	(50,1264,'2016-08-04',0),
	(50,1265,'2016-08-04',0),
	(50,1266,'2016-08-04',0),
	(50,1267,'2016-08-04',0),
	(50,1268,'2016-08-04',0),
	(50,1269,'2016-08-04',0),
	(50,1270,'2016-08-04',0),
	(50,1271,'2016-08-04',0),
	(51,1272,'2016-07-07',0),
	(51,1273,'2016-07-07',0),
	(51,1274,'2016-07-07',0),
	(51,1275,'2016-07-07',0),
	(51,1276,'2016-07-07',0),
	(51,1277,'2016-07-07',0),
	(51,1278,'2016-07-07',0),
	(51,1279,'2016-07-07',0),
	(51,1280,'2016-07-07',0),
	(51,1281,'2016-07-07',0),
	(51,1282,'2016-07-07',0),
	(51,1283,'2016-07-07',0),
	(51,1284,'2016-07-07',0),
	(51,1285,'2016-07-07',0),
	(51,1286,'2016-07-07',0),
	(51,1287,'2016-07-07',0),
	(51,1288,'2016-07-07',0),
	(51,1289,'2016-07-07',0),
	(51,1290,'2016-07-07',0),
	(51,1291,'2016-07-07',0),
	(51,1292,'2016-07-07',0),
	(51,1293,'2016-07-07',0),
	(51,1294,'2016-07-07',0),
	(51,1295,'2016-07-07',0),
	(51,1296,'2016-07-07',0),
	(51,1297,'2016-07-07',0),
	(51,1298,'2016-07-07',0),
	(51,1299,'2016-07-07',0),
	(52,1300,'2016-07-11',0),
	(52,1301,'2016-07-11',0),
	(52,1302,'2016-07-11',0),
	(52,1303,'2016-07-11',0),
	(52,1304,'2016-07-11',0),
	(52,1305,'2016-07-11',0),
	(52,1306,'2016-07-11',0),
	(52,1307,'2016-07-11',0),
	(52,1308,'2016-07-11',0),
	(52,1309,'2016-07-11',0),
	(52,1310,'2016-07-11',0),
	(52,1311,'2016-07-11',0),
	(52,1312,'2016-07-11',0),
	(52,1313,'2016-07-11',0),
	(52,1314,'2016-07-11',0),
	(52,1315,'2016-07-11',0),
	(52,1316,'2016-07-11',0),
	(52,1317,'2016-07-11',0),
	(52,1318,'2016-07-11',0),
	(52,1319,'2016-07-11',0),
	(52,1320,'2016-07-11',0),
	(52,1321,'2016-07-11',0),
	(52,1322,'2016-07-11',0),
	(52,1323,'2016-07-11',0),
	(52,1324,'2016-07-11',0),
	(52,1325,'2016-07-11',0),
	(53,1326,'2016-07-16',0),
	(53,1327,'2016-07-16',0),
	(53,1328,'2016-07-16',0),
	(53,1329,'2016-07-16',0),
	(53,1330,'2016-07-16',0),
	(53,1331,'2016-07-16',0),
	(53,1332,'2016-07-16',0),
	(53,1333,'2016-07-16',0),
	(53,1334,'2016-07-16',0),
	(53,1335,'2016-07-16',0),
	(53,1336,'2016-07-16',0),
	(53,1337,'2016-07-16',0),
	(53,1338,'2016-07-16',0),
	(53,1339,'2016-07-16',0),
	(53,1340,'2016-07-16',0),
	(53,1341,'2016-07-16',0),
	(53,1342,'2016-07-16',0),
	(53,1343,'2016-07-16',0),
	(53,1344,'2016-07-16',0),
	(53,1345,'2016-07-16',0),
	(53,1346,'2016-07-16',0),
	(53,1347,'2016-07-16',0),
	(53,1348,'2016-07-16',0),
	(53,1349,'2016-07-16',0),
	(53,1350,'2016-07-16',0),
	(54,1351,'2016-07-20',0),
	(54,1352,'2016-07-20',0),
	(54,1353,'2016-07-20',0),
	(54,1354,'2016-07-20',0),
	(54,1355,'2016-07-20',0),
	(54,1356,'2016-07-20',0),
	(54,1357,'2016-07-20',0),
	(54,1358,'2016-07-20',0),
	(54,1359,'2016-07-20',0),
	(54,1360,'2016-07-20',0),
	(54,1361,'2016-07-20',0),
	(54,1362,'2016-07-20',0),
	(54,1363,'2016-07-20',0),
	(54,1364,'2016-07-20',0),
	(54,1365,'2016-07-20',0),
	(54,1366,'2016-07-20',0),
	(54,1367,'2016-07-20',0),
	(54,1368,'2016-07-20',0),
	(54,1369,'2016-07-20',0),
	(54,1370,'2016-07-20',0),
	(54,1371,'2016-07-20',0),
	(54,1372,'2016-07-20',0),
	(54,1373,'2016-07-20',0),
	(54,1374,'2016-07-20',0),
	(54,1375,'2016-07-20',0),
	(54,1376,'2016-07-20',0),
	(54,1377,'2016-07-20',0),
	(54,1378,'2016-07-20',0),
	(54,1379,'2016-07-20',0),
	(55,1380,'2016-08-03',0),
	(55,1381,'2016-08-03',0),
	(55,1382,'2016-08-03',0),
	(55,1383,'2016-08-03',0),
	(55,1384,'2016-08-03',0),
	(55,1385,'2016-08-03',0),
	(55,1386,'2016-08-03',0),
	(55,1387,'2016-08-03',0),
	(55,1388,'2016-08-03',0),
	(55,1389,'2016-08-03',0),
	(55,1390,'2016-08-03',0),
	(55,1391,'2016-08-03',0),
	(55,1392,'2016-08-03',0),
	(55,1393,'2016-08-03',0),
	(55,1394,'2016-08-03',0),
	(55,1395,'2016-08-03',0),
	(55,1396,'2016-08-03',0),
	(55,1397,'2016-08-03',0),
	(55,1398,'2016-08-03',0),
	(55,1399,'2016-08-03',0),
	(55,1400,'2016-08-03',0),
	(55,1401,'2016-08-03',0),
	(55,1402,'2016-08-03',0),
	(55,1403,'2016-08-03',0),
	(56,1404,'2016-07-01',0),
	(56,1405,'2016-07-01',0),
	(56,1406,'2016-07-01',0),
	(56,1407,'2016-07-01',0),
	(56,1408,'2016-07-01',0),
	(56,1409,'2016-07-01',0),
	(56,1410,'2016-07-01',0),
	(56,1411,'2016-07-01',0),
	(56,1412,'2016-07-01',0),
	(56,1413,'2016-07-01',0),
	(56,1414,'2016-07-01',0),
	(56,1415,'2016-07-01',0),
	(56,1416,'2016-07-01',0),
	(56,1417,'2016-07-01',0),
	(56,1418,'2016-07-01',0),
	(56,1419,'2016-07-01',0),
	(56,1420,'2016-07-01',0),
	(56,1421,'2016-07-01',0),
	(56,1422,'2016-07-01',0),
	(56,1423,'2016-07-01',0),
	(56,1424,'2016-07-01',0),
	(56,1425,'2016-07-01',0),
	(56,1426,'2016-07-01',0),
	(56,1427,'2016-07-01',0),
	(56,1428,'2016-07-01',0),
	(56,1429,'2016-07-01',0),
	(56,1430,'2016-07-01',0),
	(56,1431,'2016-07-01',0),
	(56,1432,'2016-07-01',0),
	(56,1433,'2016-07-01',0),
	(56,1434,'2016-07-01',0),
	(56,1435,'2016-07-01',0),
	(57,1436,'2016-07-05',0),
	(57,1437,'2016-07-05',0),
	(57,1438,'2016-07-05',0),
	(57,1439,'2016-07-05',0),
	(57,1440,'2016-07-05',0),
	(57,1441,'2016-07-05',0),
	(57,1442,'2016-07-05',0),
	(57,1443,'2016-07-05',0),
	(57,1444,'2016-07-05',0),
	(57,1445,'2016-07-05',0),
	(57,1446,'2016-07-05',0),
	(57,1447,'2016-07-05',0),
	(57,1448,'2016-07-05',0),
	(57,1449,'2016-07-05',0),
	(57,1450,'2016-07-05',0),
	(57,1451,'2016-07-05',0),
	(57,1452,'2016-07-05',0),
	(57,1453,'2016-07-05',0),
	(57,1454,'2016-07-05',0),
	(57,1455,'2016-07-05',0),
	(57,1456,'2016-07-05',0),
	(57,1457,'2016-07-05',0),
	(57,1458,'2016-07-05',0),
	(57,1459,'2016-07-05',0),
	(57,1460,'2016-07-05',0),
	(57,1461,'2016-07-05',0),
	(57,1462,'2016-07-05',0),
	(57,1463,'2016-07-05',0),
	(57,1464,'2016-07-05',0),
	(57,1465,'2016-07-05',0),
	(57,1466,'2016-07-05',0),
	(57,1467,'2016-07-05',0),
	(57,1468,'2016-07-05',0),
	(57,1469,'2016-07-05',0),
	(57,1470,'2016-07-05',0),
	(57,1471,'2016-07-05',0),
	(58,1472,'2016-07-13',0),
	(58,1473,'2016-07-13',0),
	(58,1474,'2016-07-13',0),
	(58,1475,'2016-07-13',0),
	(58,1476,'2016-07-13',0),
	(58,1477,'2016-07-13',0),
	(58,1478,'2016-07-13',0),
	(58,1479,'2016-07-13',0),
	(58,1480,'2016-07-13',0),
	(58,1481,'2016-07-13',0),
	(58,1482,'2016-07-13',0),
	(58,1483,'2016-07-13',0),
	(58,1484,'2016-07-13',0),
	(58,1485,'2016-07-13',0),
	(58,1486,'2016-07-13',0),
	(58,1487,'2016-07-13',0),
	(58,1488,'2016-07-13',0),
	(58,1489,'2016-07-13',0),
	(58,1490,'2016-07-13',0),
	(58,1491,'2016-07-13',0),
	(58,1492,'2016-07-13',0),
	(58,1493,'2016-07-13',0),
	(58,1494,'2016-07-13',0),
	(58,1495,'2016-07-13',0),
	(58,1496,'2016-07-13',0),
	(58,1497,'2016-07-13',0),
	(58,1498,'2016-07-13',0),
	(58,1499,'2016-07-13',0),
	(58,1500,'2016-07-13',0),
	(58,1501,'2016-07-13',0),
	(58,1502,'2016-07-13',0),
	(58,1503,'2016-07-13',0),
	(58,1504,'2016-07-13',0);




-- seasonclub table
insert into seasonclub (season_id, club_id, home_win, home_draw, home_defeat, away_win, away_draw, away_defeat) VALUES
	(11,1,12,5,2,7,4,8),
	(11,2,12,2,5,7,7,5),
	(11,3,12,4,3,8,7,4),
	(11,4,5,9,5,7,5,7),
	(11,5,8,8,3,8,4,7),
	(11,6,10,6,3,9,7,3),
	(11,7,12,6,1,11,6,2),
	(11,8,6,5,8,5,9,5),
	(11,9,11,3,5,7,6,6),
	(11,10,5,5,9,6,4,9),
	(11,11,5,5,9,6,4,9),
	(11,12,6,3,10,5,6,8),
	(11,13,6,3,10,5,6,8),
	(11,14,6,3,10,5,6,8),
	(11,15,8,4,7,6,5,8),
	(11,16,6,6,7,3,6,10),
	(11,17,8,6,5,4,5,10),
	(11,18,6,6,7,6,3,10),
	(11,19,6,5,8,4,8,7),
	(11,20,9,7,3,7,7,5),
	(12,1,2,2,1,3,1,2),
	(12,2,3,3,0,4,0,1),
	(12,3,3,2,1,4,1,0),
	(12,4,5,0,1,3,1,1),
	(12,5,4,1,0,4,1,1),
	(12,6,3,2,0,2,4,0),
	(12,7,3,2,1,0,1,4),
	(12,8,3,2,0,2,1,3),
	(12,9,2,2,1,1,2,3),
	(12,10,3,1,2,0,2,3),
	(12,11,4,1,2,0,1,3),
	(12,12,1,1,3,2,1,3),
	(12,13,2,0,4,1,1,3),
	(12,14,1,1,3,1,4,1),
	(12,15,2,1,2,1,3,2),
	(12,16,0,1,4,1,1,4),
	(12,17,0,2,4,1,0,4),
	(12,18,2,1,2,2,2,2),
	(12,19,1,2,2,2,2,2),
	(12,20,2,2,2,1,0,4),
	(12,21,4,2,0,4,1,0),
	(12,22,3,1,1,5,0,1),
	(12,23,4,1,0,2,2,2),
	(12,24,3,1,1,2,1,3),
	(12,25,4,0,2,1,2,2),
	(12,26,3,3,0,1,1,3),
	(12,27,4,1,1,0,2,3),
	(12,28,3,1,1,1,2,3),
	(12,29,1,3,1,2,1,3),
	(12,30,0,4,2,2,2,1),
	(12,31,1,2,2,2,0,4),
	(12,32,1,0,4,2,1,3),
	(12,33,2,1,2,0,3,3),
	(12,34,0,1,4,3,0,3),
	(12,35,2,1,2,0,2,4),
	(12,36,4,1,1,2,0,3),
	(12,37,5,0,1,1,3,1),
	(12,38,0,2,4,1,2,2),
	(12,39,0,3,3,0,1,4),
	(12,40,5,1,0,1,3,1),
	(12,41,4,1,0,3,2,0),
	(12,42,3,2,0,2,3,0),
	(12,43,4,2,0,3,1,0),
	(12,44,3,2,0,2,1,2),
	(12,45,5,0,0,1,2,2),
	(12,46,4,1,0,1,2,2),
	(12,47,3,2,0,2,1,2),
	(12,48,3,1,1,2,0,3),
	(12,49,4,0,1,1,0,4),
	(12,50,2,1,1,2,1,3),
	(12,51,3,2,0,0,1,4),
	(12,52,3,0,2,0,2,3),
	(12,53,1,1,3,2,1,2),
	(12,54,0,2,3,2,1,2),
	(12,55,2,2,1,0,0,5),
	(12,56,2,0,3,0,1,4),
	(12,57,0,1,4,0,1,4),
	(12,58,0,1,4,0,1,4),
	(11,41,15,1,1,15,1,1),
	(11,42,14,3,0,14,3,0),
	(11,43,13,1,3,13,1,3),
	(11,44,10,3,4,10,3,4),
	(11,45,9,5,3,9,5,3),
	(11,46,9,5,3,9,5,3),
	(11,47,8,5,4,8,5,4),
	(11,48,8,4,5,8,4,5),
	(11,49,7,5,5,7,5,5),
	(11,50,6,6,5,6,6,5),
	(11,51,6,6,5,6,6,5),
	(11,52,5,5,7,5,5,7),
	(11,53,5,5,7,17,5,5),
	(11,54,5,4,8,5,4,8),
	(11,55,6,1,10,6,1,10),
	(11,56,3,6,8,13,6,8),
	(11,57,17,2,6,2,6,9),
	(11,58,4,0,13,4,0,13),
	(10,41,15,1,1,15,1,1),
	(10,42,14,3,0,14,3,0),
	(10,43,13,1,3,13,1,3),
	(10,44,10,3,4,10,3,4),
	(10,45,9,5,3,9,5,3),
	(10,46,9,5,3,9,5,3),
	(10,47,8,5,4,8,5,4),
	(10,48,8,4,5,8,4,5),
	(10,49,7,5,5,7,5,5),
	(10,50,6,6,5,6,6,5),
	(10,51,6,6,5,6,6,5),
	(10,52,5,5,7,5,5,7),
	(10,53,5,5,7,17,5,5),
	(10,54,5,4,8,5,4,8),
	(10,55,6,1,10,6,1,10),
	(10,56,3,6,8,13,6,8),
	(10,57,17,2,6,2,6,9),
	(10,58,4,0,13,4,0,13),
	(9,41,15,1,1,15,1,1),
	(9,42,14,3,0,14,3,0),
	(9,43,13,1,3,13,1,3),
	(9,44,10,3,4,10,3,4),
	(9,45,9,5,3,9,5,3),
	(9,46,9,5,3,9,5,3),
	(9,47,8,5,4,8,5,4),
	(9,48,8,4,5,8,4,5),
	(9,49,7,5,5,7,5,5),
	(9,50,6,6,5,6,6,5),
	(9,51,6,6,5,6,6,5),
	(9,52,5,5,7,5,5,7),
	(9,53,5,5,7,17,5,5),
	(9,54,5,4,8,5,4,8),
	(9,55,6,1,10,6,1,10),
	(9,56,3,6,8,13,6,8),
	(9,57,17,2,6,2,6,9),
	(9,58,4,0,13,4,0,13),
	(8,41,12,5,2,7,4,8),
	(8,42,12,2,5,7,7,5),
	(8,43,12,4,3,8,7,4),
	(8,44,5,9,5,7,5,7),
	(8,45,8,8,3,8,4,7),
	(8,46,10,6,3,9,7,3),
	(8,47,12,6,1,11,6,2),
	(8,48,6,5,8,5,9,5),
	(8,49,11,3,5,7,6,6),
	(8,50,5,5,9,6,4,9),
	(8,51,5,5,9,6,4,9),
	(8,52,6,3,10,5,6,8),
	(8,53,6,3,10,5,6,8),
	(8,54,6,3,10,5,6,8),
	(8,55,8,4,7,6,5,8),
	(8,56,6,6,7,3,6,10),
	(8,57,8,6,5,4,5,10),
	(8,58,6,6,7,6,3,10),
	(7,41,15,1,1,15,1,1),
	(7,42,14,3,0,14,3,0),
	(7,43,13,1,3,13,1,3),
	(7,44,10,3,4,10,3,4),
	(7,45,9,5,3,9,5,3),
	(7,46,9,5,3,9,5,3),
	(7,47,8,5,4,8,5,4),
	(7,48,8,4,5,8,4,5),
	(7,49,7,5,5,7,5,5),
	(7,50,6,6,5,6,6,5),
	(7,51,6,6,5,6,6,5),
	(7,52,5,5,7,5,5,7),
	(7,53,5,5,7,17,5,5),
	(7,54,5,4,8,5,4,8),
	(7,55,6,1,10,6,1,10),
	(7,56,3,6,8,13,6,8),
	(7,57,17,2,6,2,6,9),
	(7,58,4,0,13,4,0,13),
	(6,41,15,1,1,15,1,1),
	(6,42,14,3,0,14,3,0),
	(6,43,13,1,3,13,1,3),
	(6,44,10,3,4,10,3,4),
	(6,45,9,5,3,9,5,3),
	(6,46,9,5,3,9,5,3),
	(6,47,8,5,4,8,5,4),
	(6,48,8,4,5,8,4,5),
	(6,49,7,5,5,7,5,5),
	(6,50,6,6,5,6,6,5),
	(6,51,6,6,5,6,6,5),
	(6,52,5,5,7,5,5,7),
	(6,53,5,5,7,17,5,5),
	(6,54,5,4,8,5,4,8),
	(6,55,6,1,10,6,1,10),
	(6,56,3,6,8,13,6,8),
	(6,57,17,2,6,2,6,9),
	(6,58,4,0,13,4,0,13),
	(5,41,12,5,2,7,4,8),
	(5,42,12,2,5,7,7,5),
	(5,43,12,4,3,8,7,4),
	(5,44,5,9,5,7,5,7),
	(5,45,8,8,3,8,4,7),
	(5,46,10,6,3,9,7,3),
	(5,47,12,6,1,11,6,2),
	(5,48,6,5,8,5,9,5),
	(5,49,11,3,5,7,6,6),
	(5,50,5,5,9,6,4,9),
	(5,51,5,5,9,6,4,9),
	(5,52,6,3,10,5,6,8),
	(5,53,6,3,10,5,6,8),
	(5,54,6,3,10,5,6,8),
	(5,55,8,4,7,6,5,8),
	(5,56,6,6,7,3,6,10),
	(5,57,8,6,5,4,5,10),
	(5,58,6,6,7,6,3,10),
	(4,41,15,1,1,15,1,1),
	(4,42,14,3,0,14,3,0),
	(4,43,13,1,3,13,1,3),
	(4,44,10,3,4,10,3,4),
	(4,45,9,5,3,9,5,3),
	(4,46,9,5,3,9,5,3),
	(4,47,8,5,4,8,5,4),
	(4,48,8,4,5,8,4,5),
	(4,49,7,5,5,7,5,5),
	(4,50,6,6,5,6,6,5),
	(4,51,6,6,5,6,6,5),
	(4,52,5,5,7,5,5,7),
	(4,53,5,5,7,17,5,5),
	(4,54,5,4,8,5,4,8),
	(4,55,6,1,10,6,1,10),
	(4,56,3,6,8,13,6,8),
	(4,57,17,2,6,2,6,9),
	(4,58,4,0,13,4,0,13),
	(3,41,15,1,1,15,1,1),
	(3,42,14,3,0,14,3,0),
	(3,43,13,1,3,13,1,3),
	(3,44,10,3,4,10,3,4),
	(3,45,9,5,3,9,5,3),
	(3,46,9,5,3,9,5,3),
	(3,47,8,5,4,8,5,4),
	(3,48,8,4,5,8,4,5),
	(3,49,7,5,5,7,5,5),
	(3,50,6,6,5,6,6,5),
	(3,51,6,6,5,6,6,5),
	(3,52,5,5,7,5,5,7),
	(3,53,5,5,7,17,5,5),
	(3,54,5,4,8,5,4,8),
	(3,55,6,1,10,6,1,10),
	(3,56,3,6,8,13,6,8),
	(3,57,17,2,6,2,6,9),
	(3,58,4,0,13,4,0,13),
	(2,41,15,1,1,15,1,1),
	(2,42,14,3,0,14,3,0),
	(2,43,13,1,3,13,1,3),
	(2,44,10,3,4,10,3,4),
	(2,45,9,5,3,9,5,3),
	(2,46,9,5,3,9,5,3),
	(2,47,8,5,4,8,5,4),
	(2,48,8,4,5,8,4,5),
	(2,49,7,5,5,7,5,5),
	(2,50,6,6,5,6,6,5),
	(2,51,6,6,5,6,6,5),
	(2,52,5,5,7,5,5,7),
	(2,53,5,5,7,17,5,5),
	(2,54,5,4,8,5,4,8),
	(2,55,6,1,10,6,1,10),
	(2,56,3,6,8,13,6,8),
	(2,57,17,2,6,2,6,9),
	(2,58,4,0,13,4,0,13),
	(1,41,12,5,2,7,4,8),
	(1,42,12,2,5,7,7,5),
	(1,43,12,4,3,8,7,4),
	(1,44,5,9,5,7,5,7),
	(1,45,8,8,3,8,4,7),
	(1,46,10,6,3,9,7,3),
	(1,47,12,6,1,11,6,2),
	(1,48,6,5,8,5,9,5),
	(1,49,11,3,5,7,6,6),
	(1,50,5,5,9,6,4,9),
	(1,51,5,5,9,6,4,9),
	(1,52,6,3,10,5,6,8),
	(1,53,6,3,10,5,6,8),
	(1,54,6,3,10,5,6,8),
	(1,55,8,4,7,6,5,8),
	(1,56,6,6,7,3,6,10),
	(1,57,8,6,5,4,5,10),
	(1,58,6,6,7,6,3,10),
	(11,21,16,1,2,13,3,3),
	(11,22,16,1,2,12,5,2),
	(11,23,15,3,1,13,1,5),
	(11,24,15,1,4,8,3,8),
	(11,25,14,1,4,7,4,8),
	(11,26,12,4,3,6,6,7),
	(11,27,11,4,4,6,4,9),
	(11,28,9,6,4,4,10,5),
	(11,29,9,5,5,5,6,8),
	(11,30,8,6,5,5,4,10),
	(11,31,8,5,6,4,6,9),
	(11,32,8,5,6,4,4,11),
	(11,33,8,4,7,4,3,12),
	(11,34,7,5,7,3,5,11),
	(11,35,7,5,7,3,5,11),
	(11,36,6,7,6,3,2,14),
	(11,37,7,4,8,3,2,14),
	(11,38,6,6,7,1,7,11),
	(11,39,6,5,8,0,9,10),
	(11,40,4,8,7,1,3,15),
	(10,21,12,5,2,7,4,8),
	(10,22,12,2,5,7,7,5),
	(10,23,12,4,3,8,7,4),
	(10,24,5,9,5,7,5,7),
	(10,25,8,8,3,8,4,7),
	(10,26,10,6,3,9,7,3),
	(10,27,12,6,1,11,6,2),
	(10,28,6,5,8,5,9,5),
	(10,29,11,3,5,7,6,6),
	(10,30,5,5,9,6,4,9),
	(10,31,5,5,9,6,4,9),
	(10,32,6,3,10,5,6,8),
	(10,33,6,3,10,5,6,8),
	(10,34,6,3,10,5,6,8),
	(10,35,8,4,7,6,5,8),
	(10,36,6,6,7,3,6,10),
	(10,37,8,6,5,4,5,10),
	(10,38,6,6,7,6,3,10),
	(10,39,6,5,8,4,8,7),
	(10,40,9,7,3,7,7,5),
	(9,21,12,5,2,7,4,8),
	(9,22,12,2,5,7,7,5),
	(9,23,11,3,3,7,8,4),
	(9,24,5,9,5,7,5,7),
	(9,25,8,8,3,8,4,7),
	(9,26,10,6,3,9,7,3),
	(9,27,12,6,1,10,7,2),
	(9,28,6,5,8,5,9,5),
	(9,29,11,3,5,7,6,6),
	(9,30,5,5,9,6,4,9),
	(9,31,5,4,10,6,4,9),
	(9,32,6,3,10,5,6,8),
	(9,33,6,3,10,5,6,8),
	(9,34,6,3,10,5,6,8),
	(9,35,8,4,7,6,5,8),
	(9,36,6,6,7,3,6,10),
	(9,37,8,6,5,4,5,10),
	(9,38,6,6,7,6,3,10),
	(9,39,6,5,8,4,8,7),
	(9,40,9,7,3,7,7,5),
	(8,21,12,5,2,7,4,8),
	(8,22,12,2,5,7,7,5),
	(8,23,12,4,3,8,7,4),
	(8,24,5,9,5,7,5,7),
	(8,25,8,8,3,8,4,7),
	(8,26,10,5,4,9,7,3),
	(8,27,12,6,1,11,6,2),
	(8,28,6,5,8,5,9,5),
	(8,29,12,2,5,8,5,6),
	(8,30,5,5,9,6,4,9),
	(8,31,5,5,9,6,4,9),
	(8,32,6,3,10,5,6,8),
	(8,33,6,3,10,5,6,8),
	(8,34,6,3,10,5,6,8),
	(8,35,8,4,7,6,5,8),
	(8,36,6,6,7,3,6,10),
	(8,37,8,6,5,4,5,10),
	(8,38,6,6,7,6,4,9),
	(8,39,6,5,8,4,7,8),
	(8,40,9,8,2,7,7,5),
	(7,21,13,4,2,7,4,8),
	(7,22,12,2,5,7,7,5),
	(7,23,12,3,4,8,7,4),
	(7,24,5,9,5,8,4,7),
	(7,25,8,8,3,8,4,7),
	(7,26,10,6,3,9,7,3),
	(7,27,12,6,1,11,8,0),
	(7,28,6,5,8,5,9,5),
	(7,29,11,3,5,7,6,6),
	(7,30,5,5,9,6,4,9),
	(7,31,5,5,9,6,4,9),
	(7,32,6,3,10,5,6,8),
	(7,33,6,3,10,5,6,8),
	(7,34,6,3,10,5,6,8),
	(7,35,8,4,7,6,5,8),
	(7,36,6,6,7,3,6,10),
	(7,37,8,6,5,4,5,10),
	(7,38,6,6,7,6,3,10),
	(7,39,6,5,8,4,8,7),
	(7,40,9,7,3,7,7,5),
	(6,21,12,5,2,7,4,8),
	(6,22,12,2,5,7,7,5),
	(6,23,12,4,3,8,7,4),
	(6,24,5,9,5,7,5,7),
	(6,25,8,8,3,8,4,7),
	(6,26,10,6,3,9,7,3),
	(6,27,12,6,1,11,6,2),
	(6,28,6,5,8,5,9,5),
	(6,29,11,3,5,7,6,6),
	(6,30,5,5,9,6,4,9),
	(6,31,5,5,9,6,4,9),
	(6,32,6,3,10,5,6,8),
	(6,33,6,3,10,5,6,8),
	(6,34,6,3,10,5,6,8),
	(6,35,8,4,7,6,5,8),
	(6,36,6,6,7,3,6,10),
	(6,37,8,6,5,4,5,10),
	(6,38,6,6,7,6,3,10),
	(6,39,6,5,8,4,8,7),
	(6,40,9,7,3,7,7,5),
	(5,21,12,5,2,7,4,8),
	(5,22,12,2,5,7,7,5),
	(5,23,12,4,3,8,7,4),
	(5,24,5,9,5,7,5,7),
	(5,25,8,8,3,8,4,7),
	(5,26,10,6,3,9,7,3),
	(5,27,12,6,1,11,6,2),
	(5,28,6,5,8,5,9,5),
	(5,29,10,4,5,7,6,6),
	(5,30,5,5,9,6,4,9),
	(5,31,5,5,9,6,4,9),
	(5,32,5,4,10,5,6,8),
	(5,33,6,2,11,5,6,8),
	(5,34,6,3,10,7,6,6),
	(5,35,8,4,7,6,5,8),
	(5,36,6,6,7,5,6,8),
	(5,37,8,6,5,4,5,10),
	(5,38,8,4,7,6,3,10),
	(5,39,6,5,8,4,8,7),
	(5,40,9,7,3,7,7,5),
	(4,21,12,5,2,7,4,8),
	(4,22,12,2,5,7,7,5),
	(4,23,12,4,3,8,7,4),
	(4,24,5,9,5,7,5,7),
	(4,25,8,8,3,8,4,7),
	(4,26,10,6,3,9,7,3),
	(4,27,12,6,1,11,6,2),
	(4,28,6,5,8,5,9,5),
	(4,29,11,3,5,7,6,6),
	(4,30,5,5,9,6,4,9),
	(4,31,5,5,9,6,4,9),
	(4,32,6,3,10,5,6,8),
	(4,33,6,3,10,5,6,8),
	(4,34,8,3,8,5,6,8),
	(4,35,8,4,7,8,5,6),
	(4,36,6,6,7,3,6,10),
	(4,37,8,6,5,4,5,10),
	(4,38,6,6,7,6,3,10),
	(4,39,6,5,8,2,8,9),
	(4,40,9,7,3,7,7,5),
	(3,21,12,5,2,7,4,8),
	(3,22,12,2,5,7,7,5),
	(3,23,12,4,3,8,7,4),
	(3,24,5,9,5,7,5,7),
	(3,25,8,8,3,8,4,7),
	(3,26,10,6,3,9,7,3),
	(3,27,12,6,1,11,6,2),
	(3,28,6,5,8,5,9,5),
	(3,29,11,3,5,7,6,6),
	(3,30,5,5,9,6,4,9),
	(3,31,5,5,9,6,4,9),
	(3,32,6,3,10,5,6,8),
	(3,33,5,4,10,5,6,8),
	(3,34,6,3,10,5,6,8),
	(3,35,8,4,7,8,5,6),
	(3,36,6,6,7,6,6,7),
	(3,37,7,7,5,4,5,10),
	(3,38,6,6,7,6,3,10),
	(3,39,6,5,8,4,8,7),
	(3,40,9,7,3,7,7,5),
	(2,21,12,5,2,7,4,8),
	(2,22,12,2,5,7,7,5),
	(2,23,12,4,3,8,7,4),
	(2,24,5,9,5,7,5,7),
	(2,25,8,8,3,8,4,7),
	(2,26,10,6,3,9,7,3),
	(2,27,12,6,1,11,6,2),
	(2,28,6,5,8,5,9,5),
	(2,29,12,2,5,7,6,6),
	(2,30,5,5,9,6,4,9),
	(2,31,5,5,9,6,4,9),
	(2,32,9,3,7,5,6,8),
	(2,33,6,3,10,5,6,8),
	(2,34,6,3,10,8,6,5),
	(2,35,8,4,7,6,5,8),
	(2,36,6,6,7,3,6,10),
	(2,37,8,6,5,8,5,6),
	(2,38,6,6,7,6,3,10),
	(2,39,6,5,8,4,8,7),
	(2,40,9,7,3,7,7,5),
	(1,21,12,5,2,7,4,8),
	(1,22,12,2,5,7,7,5),
	(1,23,12,4,3,8,7,4),
	(1,24,5,9,5,7,5,7),
	(1,25,8,8,3,8,4,7),
	(1,26,10,6,3,9,7,3),
	(1,27,12,6,1,11,6,2),
	(1,28,6,5,8,5,9,5),
	(1,29,11,3,5,6,6,7),
	(1,30,5,5,9,6,4,9),
	(1,31,5,5,9,6,4,9),
	(1,32,6,3,10,5,6,8),
	(1,33,6,3,10,5,6,8),
	(1,34,6,3,10,5,6,8),
	(1,35,8,4,7,6,5,8),
	(1,36,6,6,7,3,6,10),
	(1,37,9,5,5,4,5,10),
	(1,38,6,6,7,7,4,9),
	(1,39,6,5,8,4,8,7),
	(1,40,9,7,3,7,7,5),
	(10,1,13,4,2,7,4,8),
	(10,2,10,4,5,7,7,5),
	(10,3,9,7,3,8,7,4),
	(10,4,5,9,5,7,5,7),
	(10,5,8,8,3,8,4,7),
	(10,6,10,6,3,9,7,3),
	(10,7,12,6,1,11,6,2),
	(10,8,6,5,8,5,9,5),
	(10,9,11,3,5,7,6,6),
	(10,10,5,5,9,8,2,9),
	(10,11,5,5,9,6,4,9),
	(10,12,6,3,10,5,6,8),
	(10,13,6,3,10,5,6,8),
	(10,14,6,3,10,5,6,8),
	(10,15,8,4,7,6,5,8),
	(10,16,6,6,7,3,6,10),
	(10,17,8,6,5,4,5,10),
	(10,18,6,6,7,6,3,10),
	(10,19,6,5,8,4,8,7),
	(10,20,9,7,3,7,7,5),
	(9,1,15,2,2,7,4,8),
	(9,2,12,2,5,7,7,5),
	(9,3,12,4,3,8,7,4),
	(9,4,5,9,5,7,5,7),
	(9,5,10,8,1,8,4,7),
	(9,6,7,9,3,9,7,3),
	(9,7,12,6,1,11,6,2),
	(9,8,6,5,8,8,6,5),
	(9,9,11,3,5,7,6,6),
	(9,10,5,5,9,4,6,9),
	(9,11,5,5,9,6,4,9),
	(9,12,4,5,10,5,6,8),
	(9,13,6,2,11,5,6,8),
	(9,14,6,3,10,5,6,8),
	(9,15,8,4,7,6,5,8),
	(9,16,6,6,7,3,6,10),
	(9,17,8,6,5,4,5,10),
	(9,18,6,6,7,6,3,10),
	(9,19,6,5,8,4,8,7),
	(9,20,9,7,3,7,7,5),
	(8,1,12,5,2,7,4,8),
	(8,2,12,2,5,7,7,5),
	(8,3,12,4,3,8,7,4),
	(8,4,5,9,5,7,5,7),
	(8,5,8,8,3,8,4,7),
	(8,6,10,6,3,9,7,3),
	(8,7,12,6,1,11,6,2),
	(8,8,6,5,8,5,9,5),
	(8,9,11,3,5,7,6,6),
	(8,10,5,5,9,6,4,9),
	(8,11,5,5,9,6,4,9),
	(8,12,6,3,10,5,6,8),
	(8,13,6,3,10,5,6,8),
	(8,14,6,3,10,5,6,8),
	(8,15,8,4,7,6,5,8),
	(8,16,6,6,7,3,6,10),
	(8,17,8,6,5,4,5,10),
	(8,18,6,6,7,6,3,10),
	(8,19,6,5,8,4,8,7),
	(8,20,9,7,3,7,7,5),
	(7,1,12,5,2,7,4,8),
	(7,2,12,2,5,7,7,5),
	(7,3,12,4,3,8,7,4),
	(7,4,5,9,5,7,5,7),
	(7,5,8,8,3,8,4,7),
	(7,6,10,6,3,9,7,3),
	(7,7,12,6,1,11,6,2),
	(7,8,6,5,8,5,9,5),
	(7,9,11,3,5,7,6,6),
	(7,10,5,5,9,6,4,9),
	(7,11,5,5,9,6,4,9),
	(7,12,6,3,10,5,6,8),
	(7,13,6,3,10,5,6,8),
	(7,14,6,3,10,5,6,8),
	(7,15,8,4,7,6,5,8),
	(7,16,6,6,7,3,6,10),
	(7,17,8,6,5,4,5,10),
	(7,18,6,6,7,6,3,10),
	(7,19,6,5,8,4,8,7),
	(7,20,9,7,3,7,7,5),
	(6,1,16,1,2,10,4,5),
	(6,2,12,2,5,7,7,5),
	(6,3,12,4,3,8,7,4),
	(6,4,5,9,5,7,5,7),
	(6,5,8,8,3,8,4,7),
	(6,6,8,6,5,9,7,3),
	(6,7,12,6,1,11,6,2),
	(6,8,6,5,8,5,9,5),
	(6,9,9,5,5,6,6,7),
	(6,10,5,5,9,6,4,9),
	(6,11,5,5,9,6,4,9),
	(6,12,6,3,10,5,6,8),
	(6,13,6,3,10,5,6,8),
	(6,14,6,3,10,5,6,8),
	(6,15,8,4,7,6,5,8),
	(6,16,6,6,7,3,6,10),
	(6,17,8,6,5,4,5,10),
	(6,18,6,6,7,6,3,10),
	(6,19,6,5,8,4,8,7),
	(6,20,9,7,3,7,7,5),
	(5,1,12,5,2,7,4,8),
	(5,2,12,2,5,7,7,5),
	(5,3,12,4,3,8,7,4),
	(5,4,5,9,5,7,5,7),
	(5,5,8,8,3,8,4,7),
	(5,6,10,6,3,9,7,3),
	(5,7,12,6,1,11,6,2),
	(5,8,6,5,8,5,9,5),
	(5,9,11,3,5,7,6,6),
	(5,10,5,5,9,6,4,9),
	(5,11,5,5,9,6,4,9),
	(5,12,6,3,10,5,6,8),
	(5,13,6,3,10,5,6,8),
	(5,14,6,3,10,5,6,8),
	(5,15,8,4,7,6,5,8),
	(5,16,6,6,7,3,6,10),
	(5,17,8,6,5,4,5,10),
	(5,18,6,6,7,6,3,10),
	(5,19,6,5,8,4,8,7),
	(5,20,9,7,3,7,7,5),
	(4,1,12,5,2,7,4,8),
	(4,2,12,2,5,7,7,5),
	(4,3,11,5,3,8,7,4),
	(4,4,5,9,5,8,5,6),
	(4,5,8,8,3,8,4,7),
	(4,6,10,6,3,9,7,3),
	(4,7,12,6,1,11,6,2),
	(4,8,6,5,8,5,9,5),
	(4,9,11,3,5,7,6,6),
	(4,10,5,5,9,6,4,9),
	(4,11,5,5,9,6,4,9),
	(4,12,6,3,10,5,6,8),
	(4,13,6,3,10,5,6,8),
	(4,14,6,3,10,5,6,8),
	(4,15,9,3,7,6,5,8),
	(4,16,6,6,7,3,6,10),
	(4,17,8,6,5,6,3,10),
	(4,18,6,6,7,6,3,10),
	(4,19,6,5,8,4,8,7),
	(4,20,9,7,3,7,7,5),
	(3,1,12,5,2,7,4,8),
	(3,2,12,2,5,7,7,5),
	(3,3,12,4,3,8,7,4),
	(3,4,5,9,5,7,5,7),
	(3,5,8,8,3,8,4,7),
	(3,6,10,6,3,9,7,3),
	(3,7,12,6,1,11,6,2),
	(3,8,6,5,8,5,9,5),
	(3,9,11,3,5,7,6,6),
	(3,10,5,5,9,6,4,9),
	(3,11,5,5,9,6,4,9),
	(3,12,6,3,10,5,6,8),
	(3,13,6,3,10,5,6,8),
	(3,14,6,3,10,5,6,8),
	(3,15,8,4,7,6,5,8),
	(3,16,6,6,7,3,6,10),
	(3,17,8,6,5,4,5,10),
	(3,18,6,6,7,6,3,10),
	(3,19,6,5,8,4,8,7),
	(3,20,9,7,3,7,7,5),
	(2,1,12,5,2,7,4,8),
	(2,2,10,4,5,7,7,5),
	(2,3,12,4,3,8,7,4),
	(2,4,5,9,5,7,5,7),
	(2,5,8,8,3,8,4,7),
	(2,6,10,6,3,9,7,3),
	(2,7,12,6,1,11,6,2),
	(2,8,6,5,8,5,9,5),
	(2,9,11,3,5,7,6,6),
	(2,10,5,5,9,6,4,9),
	(2,11,5,5,9,6,4,9),
	(2,12,6,3,10,5,6,8),
	(2,13,6,3,10,5,6,8),
	(2,14,7,2,10,5,6,8),
	(2,15,8,4,7,6,5,8),
	(2,16,6,6,7,3,6,10),
	(2,17,8,6,5,4,5,10),
	(2,18,6,6,7,6,3,10),
	(2,19,6,5,8,4,8,7),
	(2,20,9,7,3,7,7,5),
	(1,1,14,3,2,7,4,8),
	(1,2,12,2,5,7,7,5),
	(1,3,11,4,4,8,7,4),
	(1,4,5,9,5,7,5,7),
	(1,5,8,8,3,8,4,7),
	(1,6,10,6,3,9,7,3),
	(1,7,12,6,1,11,6,2),
	(1,8,6,5,8,7,7,5),
	(1,9,11,3,5,7,6,6),
	(1,10,6,4,9,6,4,9),
	(1,11,5,5,9,6,4,9),
	(1,12,6,3,10,5,6,8),
	(1,13,6,3,10,5,6,8),
	(1,14,6,3,10,5,6,8),
	(1,15,8,4,7,6,5,8),
	(1,16,6,6,7,3,6,10),
	(1,17,8,6,5,7,2,10),
	(1,18,6,6,7,6,3,10),
	(1,19,6,5,8,4,8,7),
	(1,20,9,7,3,7,7,5);



-- Matches table
insert into matches (match_id, match_date, season_id, home_id, away_id, home_score, away_score) VALUES
	(1,'2016-10-23',12,4,1,4,0),
	(2,'2016-10-23',12,2,9,1,1),
	(3,'2016-10-22',12,10,6,0,0),
	(4,'2016-10-22',12,3,14,0,0),
	(5,'2016-10-22',12,11,8,2,1),
	(6,'2016-10-22',12,13,15,0,2),
	(7,'2016-10-22',12,7,12,3,1),
	(8,'2016-10-22',12,5,19,2,1),
	(9,'2016-10-22',12,17,18,0,0),
	(10,'2016-10-22',12,20,16,1,0),
	(11,'2016-10-29',12,19,2,0,4),
	(12,'2016-10-29',12,18,13,1,0),
	(13,'2016-10-29',12,6,7,1,1),
	(14,'2016-10-29',12,16,3,1,4),
	(15,'2016-10-29',12,14,10,2,0),
	(16,'2016-10-29',12,1,11,0,0),
	(17,'2016-10-29',12,12,5,2,4),
	(18,'2016-10-30',12,9,4,0,2),
	(19,'2016-10-30',12,8,20,2,0),
	(20,'2016-10-31',12,15,17,3,1),
	(21,'2016-11-05',12,20,15,1,1),
	(22,'2016-11-05',12,2,14,1,1),
	(23,'2016-11-05',12,4,8,5,0),
	(24,'2016-11-05',12,11,12,3,2),
	(25,'2016-11-05',12,10,16,1,2),
	(26,'2016-11-06',12,17,1,1,3),
	(27,'2016-11-06',12,5,18,6,1),
	(28,'2016-11-06',12,7,19,1,2),
	(29,'2016-11-06',12,13,9,2,1),
	(30,'2016-11-06',12,3,6,1,1),
	(31,'2016-11-04',12,33,38,3,2),
	(32,'2016-11-05',12,36,23,2,0),
	(33,'2016-11-05',12,34,26,0,1),
	(34,'2016-11-05',12,31,28,1,0),
	(35,'2016-11-05',12,30,27,1,1),
	(36,'2016-11-06',12,40,35,2,0),
	(37,'2016-11-06',12,37,22,1,2),
	(38,'2016-11-06',12,21,32,3,0),
	(39,'2016-11-06',12,29,24,0,0),
	(40,'2016-11-06',12,25,39,2,1),
	(41,'2016-11-05',12,49,44,2,5);




-- playermatch table
insert into playermatch (player_id, match_id, time_enter, time_exit) VALUES
	(1,1,1,90),
	(4,1,1,90),
	(20,1,1,52),
	(23,1,1,90),
	(5,1,1,90),
	(7,1,1,90),
	(15,1,1,65),
	(12,1,1,90),
	(13,1,1,46),
	(19,1,1,90),
	(21,1,1,90),
	(3,1,52,90),
	(9,1,46,90),
	(17,1,65,90),
	(62,1,1,90),
	(79,1,1,90),
	(80,1,1,90),
	(67,1,1,90),
	(65,1,1,90),
	(72,1,1,90),
	(78,1,1,90),
	(76,1,1,90),
	(70,1,1,78),
	(74,1,1,71),
	(75,1,1,78),
	(73,1,78,90),
	(77,1,78,90),
	(68,1,71,90),
	(143,2,1,90),
	(147,2,1,90),
	(149,2,1,90),
	(154,2,1,90),
	(172,2,1,90),
	(151,2,1,67),
	(152,2,1,90),
	(153,2,1,70),
	(160,2,1,90),
	(159,2,1,83),
	(148,2,1,90),
	(161,2,67,90),
	(155,2,83,90),
	(165,2,70,90),
	(43,2,1,90),
	(27,2,1,90),
	(42,2,1,90),
	(25,2,1,78),
	(41,2,1,90),
	(32,2,1,46),
	(39,2,1,90),
	(33,2,1,90),
	(34,2,1,90),
	(36,2,1,90),
	(37,2,1,90),
	(21,2,78,90),
	(38,2,46,90),
	(40,2,90,90),
	(99,3,1,90),
	(100,3,1,90),
	(103,3,1,90),
	(101,3,1,90),
	(105,3,1,90),
	(107,3,1,90),
	(111,3,1,90),
	(108,3,1,72),
	(109,3,1,90),
	(106,3,1,90),
	(104,3,1,62),
	(113,3,72,90),
	(112,3,62,90),
	(197,3,1,90),
	(176,3,1,90),
	(174,3,1,90),
	(178,3,1,90),
	(175,3,1,90),
	(193,3,1,60),
	(179,3,1,90),
	(182,3,1,90),
	(186,3,1,88),
	(185,3,1,82),
	(184,3,60,90),
	(196,3,88,90),
	(187,3,82,90),
	(173,3,1,90),
	(44,4,1,90),
	(48,4,1,90),
	(61,4,1,90),
	(49,4,1,90),
	(50,4,1,90),
	(55,4,1,90),
	(51,4,1,90),
	(57,4,1,90),
	(58,4,1,90),
	(52,4,74,90),
	(59,4,67,90),
	(54,4,1,74),
	(46,4,1,67),
	(298,4,1,90),
	(282,4,1,90),
	(283,4,1,90),
	(284,4,1,90),
	(299,4,1,90),
	(286,4,1,90),
	(303,4,1,85),
	(291,4,1,90),
	(297,4,1,90),
	(300,4,1,90),
	(289,4,85,90),
	(293,4,90,90),
	(287,4,1,90),
	(200,5,1,90),
	(202,5,1,90),
	(204,5,1,83),
	(222,5,1,90),
	(203,5,1,90),
	(221,5,1,90),
	(215,5,1,90),
	(210,5,1,90),
	(208,5,1,74),
	(207,5,1,90),
	(212,5,1,89),
	(216,5,83,90),
	(205,5,74,90),
	(220,5,89,90),
	(127,5,1,90),
	(136,5,1,90),
	(140,5,1,90),
	(130,5,1,90),
	(129,5,1,90),
	(135,5,1,90),
	(132,5,1,90),
	(139,5,1,83),
	(134,5,1,90),
	(128,5,1,90),
	(137,5,1,90),
	(133,5,83,90),
	(138,5,76,90),
	(142,5,90,90),
	(278,6,1,90),
	(254,6,1,90),
	(252,6,1,90),
	(260,6,1,68),
	(259,6,1,55),
	(261,6,1,90),
	(256,6,1,90),
	(263,6,1,90),
	(262,6,1,90),
	(272,6,1,90),
	(273,6,1,90),
	(253,6,68,90),
	(266,6,68,90),
	(265,6,55,90),
	(325,6,1,90),
	(307,6,1,90),
	(308,6,1,90),
	(312,6,1,90),
	(326,6,1,90),
	(311,6,1,90),
	(318,6,1,90),
	(313,6,1,90),
	(324,6,1,90),
	(314,6,1,72),
	(320,6,72,90),
	(114,7,1,90),
	(115,7,1,90),
	(116,7,1,90),
	(126,7,1,90),
	(117,7,1,90),
	(118,7,1,90),
	(123,7,1,87),
	(120,7,1,90),
	(125,7,1,75),
	(122,7,1,90),
	(119,7,87,90),
	(121,7,75,90),
	(239,7,1,90),
	(224,7,1,90),
	(241,7,1,90),
	(227,7,1,90),
	(228,7,1,77),
	(240,7,1,72),
	(235,7,1,72),
	(232,7,1,90),
	(230,7,1,90),
	(229,7,1,90),
	(242,7,1,90),
	(238,7,77,90),
	(231,7,72,90),
	(237,7,72,90),
	(81,8,1,90),
	(83,8,1,90),
	(82,8,1,90),
	(97,8,1,90),
	(90,8,1,79),
	(88,8,1,88),
	(92,8,1,90),
	(89,8,1,90),
	(87,8,1,90),
	(98,8,1,90),
	(93,8,1,90),
	(91,8,88,90),
	(94,8,79,90),
	(95,8,90,90),
	(410,8,1,90),
	(415,8,1,90),
	(433,8,1,90),
	(414,8,1,90),
	(412,8,1,90),
	(432,8,1,90),
	(416,8,1,46),
	(426,8,1,51),
	(422,8,1,90),
	(420,8,1,65),
	(425,8,1,90),
	(419,8,46,90),
	(434,8,65,90),
	(417,8,51,90),
	(358,9,1,90),
	(363,9,1,90),
	(374,9,1,90),
	(381,9,1,90),
	(362,9,1,90),
	(366,9,1,90),
	(370,9,1,90),
	(368,9,1,68),
	(365,9,1,90),
	(377,9,1,90),
	(373,9,1,90),
	(371,9,68,90),
	(382,9,1,90),
	(385,9,1,90),
	(389,9,1,90),
	(386,9,1,90),
	(402,9,1,90),
	(404,9,1,64),
	(407,9,1,90),
	(394,9,1,78),
	(395,9,1,90),
	(403,9,1,90),
	(396,9,1,90),
	(405,9,78,90),
	(392,9,63,90),
	(436,10,1,90),
	(441,10,1,90),
	(438,10,1,90),
	(447,10,1,90),
	(459,10,1,90),
	(448,10,1,63),
	(444,10,1,90),
	(463,10,1,84),
	(445,10,1,90),
	(446,10,1,90),
	(461,10,1,69),
	(452,10,63,90),
	(457,10,84,90),
	(456,10,69,90),
	(327,10,1,90),
	(351,10,1,90),
	(330,10,1,90),
	(331,10,1,90),
	(332,10,1,90),
	(345,10,1,80),
	(337,10,1,86),
	(336,10,1,90),
	(340,10,1,75),
	(355,10,1,90),
	(339,10,1,90),
	(329,10,86,90),
	(342,10,80,90),
	(349,10,75,90),
	(410,11,1,90),
	(413,11,1,90),
	(433,11,1,90),
	(414,11,1,90),
	(415,11,1,90),
	(412,11,1,51),
	(420,11,1,90),
	(422,11,1,51),
	(432,11,1,87),
	(419,11,1,90),
	(425,11,1,90),
	(434,11,87,90),
	(417,11,51,90),
	(423,11,51,90),
	(43,11,1,90),
	(27,11,1,90),
	(29,11,1,90),
	(42,11,1,90),
	(30,11,1,90),
	(39,11,1,90),
	(33,11,1,83),
	(36,11,1,77),
	(34,11,1,90),
	(40,11,1,68),
	(37,11,1,90),
	(38,11,83,90),
	(31,11,77,90),
	(32,11,68,90),
	(382,12,1,90),
	(385,12,1,90),
	(389,12,1,90),
	(386,12,1,87),
	(402,12,1,72),
	(394,12,1,90),
	(391,12,1,90),
	(392,12,1,85),
	(396,12,1,90),
	(403,12,1,90),
	(395,12,1,90),
	(406,12,72,90),
	(398,12,87,90),
	(399,12,85,90),
	(278,12,1,90),
	(252,12,1,90),
	(253,12,1,90),
	(254,12,1,90),
	(263,12,1,90),
	(272,12,1,90),
	(276,12,1,90),
	(262,12,1,90),
	(266,12,1,90),
	(273,12,1,78),
	(265,12,1,90),
	(259,12,78,90),
	(279,12,1,90),
	(99,13,1,90),
	(100,13,1,90),
	(103,13,1,90),
	(101,13,1,90),
	(109,13,1,90),
	(111,13,1,87),
	(108,13,1,83),
	(107,13,1,90),
	(106,13,1,90),
	(104,13,1,90),
	(112,13,1,90),
	(113,13,87,90),
	(102,13,83,90),
	(114,13,1,90),
	(116,13,1,90),
	(115,13,1,90),
	(126,13,1,90),
	(117,13,1,90),
	(118,13,1,90),
	(119,13,1,90),
	(122,13,1,78),
	(120,13,1,72),
	(121,13,1,90),
	(124,13,72,90),
	(123,13,78,90),
	(327,14,1,90),
	(331,14,1,42),
	(332,14,1,90),
	(330,14,1,90),
	(329,14,1,90),
	(340,14,1,84),
	(336,14,1,90),
	(355,14,1,90),
	(337,14,1,90),
	(345,14,1,70),
	(339,14,1,90),
	(341,14,42,90),
	(344,14,70,90),
	(349,14,84,90),
	(44,14,1,90),
	(50,14,1,90),
	(48,14,1,90),
	(61,14,1,90),
	(45,14,1,90),
	(52,14,1,77),
	(55,14,1,89),
	(51,14,1,90),
	(54,14,1,90),
	(58,14,1,90),
	(46,14,1,90),
	(57,14,89,90),
	(53,14,77,90),
	(56,14,69,90),
	(298,15,1,90),
	(284,15,1,90),
	(302,15,1,90),
	(282,15,1,90),
	(299,15,1,90),
	(286,15,1,90),
	(303,15,1,63),
	(291,15,1,90),
	(199,15,1,90),
	(289,15,1,90),
	(300,15,1,86),
	(285,15,63,90),
	(292,15,86,90),
	(197,15,1,90),
	(174,15,1,90),
	(178,15,1,90),
	(176,15,1,90),
	(175,15,1,90),
	(182,15,1,73),
	(193,15,1,60),
	(173,15,1,90),
	(180,15,1,90),
	(185,15,1,60),
	(186,15,1,90),
	(179,15,73,90),
	(196,15,60,90),
	(187,15,60,90),
	(1,16,1,90),
	(6,16,1,90),
	(8,16,1,90),
	(3,16,1,90),
	(23,16,1,90),
	(15,16,1,73),
	(9,16,1,73),
	(5,16,1,90),
	(12,16,1,68),
	(21,16,1,90),
	(19,16,1,82),
	(13,16,73,90),
	(16,16,82,90),
	(18,16,73,90),
	(200,16,1,90),
	(202,16,1,90),
	(203,16,1,90),
	(204,16,1,44),
	(222,16,1,90),
	(215,16,1,85),
	(221,16,1,90),
	(207,16,1,90),
	(210,16,1,90),
	(211,16,1,60),
	(212,16,1,90),
	(216,16,44,90),
	(209,16,85,90),
	(213,16,60,90),
	(239,17,1,90),
	(228,17,1,90),
	(224,17,1,90),
	(225,17,1,90),
	(241,17,1,90),
	(229,17,1,90),
	(230,17,1,90),
	(231,17,1,66),
	(232,17,1,86),
	(235,17,1,74),
	(242,17,1,90),
	(236,17,74,90),
	(240,17,66,90),
	(237,17,86,90),
	(81,17,1,90),
	(82,17,1,90),
	(97,17,1,90),
	(86,17,1,90),
	(83,17,1,90),
	(89,17,1,90),
	(90,17,1,76),
	(92,17,1,90),
	(88,17,1,89),
	(93,17,1,90),
	(98,17,1,90),
	(95,17,89,90),
	(94,17,76,90),
	(143,18,1,90),
	(171,18,1,78),
	(157,18,1,90),
	(149,18,1,90),
	(147,18,1,90),
	(152,18,1,90),
	(154,18,1,90),
	(153,18,1,78),
	(160,18,1,90),
	(151,18,1,61),
	(159,18,1,90),
	(165,18,61,90),
	(161,18,78,90),
	(172,18,78,90),
	(62,18,1,90),
	(67,18,1,90),
	(80,18,1,90),
	(65,18,1,90),
	(79,18,1,90),
	(74,18,1,78),
	(72,18,1,90),
	(70,18,1,90),
	(76,18,1,87),
	(78,18,1,90),
	(75,18,1,89),
	(63,18,87,90),
	(73,18,78,90),
	(77,18,89,90),
	(127,19,1,90),
	(130,19,1,90),
	(136,19,1,83),
	(131,19,1,90),
	(140,19,1,90),
	(132,19,1,90),
	(139,19,1,90),
	(135,19,1,87),
	(134,19,1,90),
	(142,19,1,72),
	(137,19,1,90),
	(129,19,83,90),
	(141,19,87,90),
	(133,19,72,90),
	(436,19,1,90),
	(438,19,1,90),
	(439,19,1,90),
	(441,19,1,90),
	(444,19,1,90),
	(445,19,1,60),
	(463,19,1,78),
	(447,19,1,90),
	(459,19,1,71),
	(448,19,1,90),
	(446,19,1,90),
	(452,19,78,90),
	(461,19,71,90),
	(455,19,60,90),
	(325,20,1,90),
	(307,20,1,90),
	(311,20,1,90),
	(326,20,1,90),
	(308,20,1,90),
	(316,20,1,90),
	(324,20,1,90),
	(318,20,1,26),
	(313,20,1,90),
	(306,20,1,79),
	(319,20,1,87),
	(322,20,87,90),
	(309,20,26,90),
	(321,20,79,90),
	(358,20,1,90),
	(372,20,1,90),
	(374,20,1,90),
	(361,20,1,90),
	(363,20,1,41),
	(380,20,1,90),
	(368,20,1,90),
	(365,20,1,87),
	(370,20,1,90),
	(376,20,1,90),
	(373,20,1,62),
	(362,20,41,90),
	(371,20,87,90),
	(377,20,62,90),
	(436,21,1,90),
	(439,21,1,90),
	(441,21,1,90),
	(440,21,1,90),
	(463,21,1,62),
	(447,21,1,90),
	(444,21,1,90),
	(446,21,1,90),
	(448,21,1,90),
	(445,21,1,89),
	(455,21,1,63),
	(452,21,89,90),
	(459,21,62,90),
	(457,21,63,90),
	(325,21,1,90),
	(307,21,1,90),
	(311,21,1,90),
	(326,21,1,90),
	(308,21,1,90),
	(324,21,1,90),
	(313,21,1,71),
	(316,21,1,71),
	(321,21,1,90),
	(312,21,1,84),
	(320,21,84,90),
	(322,21,71,90),
	(323,21,71,90),
	(43,22,1,90),
	(42,22,1,90),
	(28,22,1,90),
	(26,22,1,90),
	(27,22,1,90),
	(33,22,1,90),
	(34,22,1,90),
	(31,22,1,86),
	(39,22,1,75),
	(32,22,1,90),
	(37,22,1,90),
	(36,22,86,90),
	(38,22,90,90),
	(40,22,75,90),
	(298,22,1,90),
	(299,22,1,90),
	(282,22,1,90),
	(302,22,1,90),
	(284,22,1,90),
	(281,22,1,90),
	(289,22,1,78),
	(297,22,1,90),
	(286,22,1,90),
	(291,22,1,90),
	(300,22,1,90),
	(296,22,78,90),
	(62,23,1,90),
	(80,23,1,90),
	(67,23,1,90),
	(65,23,1,84),
	(79,23,1,90),
	(74,23,1,71),
	(78,23,1,90),
	(70,23,1,80),
	(76,23,1,90),
	(72,23,1,90),
	(75,23,1,90),
	(66,23,84,90),
	(69,23,71,90),
	(77,23,80,90),
	(127,23,1,90),
	(131,23,1,90),
	(130,23,1,90),
	(129,23,1,90),
	(136,23,1,36),
	(140,23,1,90),
	(133,23,1,90),
	(132,23,1,60),
	(135,23,1,90),
	(134,23,1,66),
	(137,23,1,90),
	(141,23,60,90),
	(142,23,66,90),
	(138,23,36,90),
	(200,24,1,90),
	(216,24,1,90),
	(222,24,1,90),
	(202,24,1,90),
	(203,24,1,90),
	(217,24,1,74),
	(221,24,1,86),
	(207,24,1,90),
	(210,24,1,65),
	(215,24,1,90),
	(212,24,1,90),
	(205,24,74,90),
	(209,24,65,90),
	(213,24,86,90),
	(239,24,1,90),
	(224,24,1,90),
	(228,24,1,59),
	(227,24,1,90),
	(225,24,1,90),
	(240,24,1,90),
	(230,24,1,90),
	(229,24,1,90),
	(232,24,1,88),
	(236,24,1,59),
	(242,24,1,90),
	(234,24,59,90),
	(235,24,88,90),
	(238,24,59,90),
	(197,25,1,90),
	(178,25,1,90),
	(176,25,1,90),
	(175,25,1,90),
	(174,25,1,90),
	(182,25,1,76),
	(193,25,1,46),
	(179,25,1,90),
	(183,25,1,82),
	(192,25,1,90),
	(186,25,1,90),
	(196,25,82,90),
	(187,25,46,90),
	(191,25,76,90),
	(327,25,1,90),
	(341,25,1,90),
	(329,25,1,90),
	(332,25,1,90),
	(330,25,1,90),
	(345,25,1,59),
	(355,25,1,90),
	(342,25,1,72),
	(340,25,1,90),
	(357,25,1,90),
	(339,25,1,90),
	(356,25,72,90),
	(343,25,1,90),
	(349,25,1,90),
	(358,26,1,90),
	(381,26,1,90),
	(374,26,1,90),
	(362,26,1,90),
	(375,26,1,90),
	(365,26,1,90),
	(368,26,1,46),
	(366,26,1,70),
	(370,26,1,90),
	(376,26,1,46),
	(377,26,1,90),
	(380,26,70,90),
	(369,26,46,90),
	(373,26,46,90),
	(1,26,1,90),
	(8,26,1,90),
	(2,26,1,90),
	(3,26,1,90),
	(13,26,1,90),
	(9,26,1,81),
	(23,26,1,90),
	(11,26,1,90),
	(10,26,1,90),
	(18,26,1,89),
	(21,26,1,90),
	(15,26,81,90),
	(19,26,90,90),
	(14,26,89,90),
	(81,27,1,90),
	(97,27,1,90),
	(82,27,1,90),
	(92,27,1,90),
	(88,27,1,87),
	(90,27,1,71),
	(91,27,1,90),
	(87,27,1,90),
	(89,27,1,90),
	(98,27,1,63),
	(93,27,1,90),
	(86,27,87,90),
	(96,27,63,90),
	(94,27,71,90),
	(382,27,33,90),
	(385,27,1,90),
	(406,27,1,90),
	(402,27,1,90),
	(389,27,1,90),
	(394,27,1,90),
	(391,27,1,61),
	(392,27,1,90),
	(395,27,1,90),
	(403,27,1,86),
	(396,27,1,90),
	(383,27,33,90),
	(401,27,86,90),
	(393,27,61,90),
	(114,28,1,90),
	(117,28,1,90),
	(115,28,1,90),
	(126,28,1,87),
	(116,28,1,90),
	(118,28,1,90),
	(119,28,1,90),
	(122,28,1,46),
	(120,28,1,90),
	(124,28,1,90),
	(125,28,1,90),
	(123,28,87,90),
	(121,28,46,90),
	(410,28,1,90),
	(413,28,1,90),
	(433,28,1,90),
	(415,28,1,90),
	(414,28,1,90),
	(419,28,1,90),
	(416,28,1,90),
	(422,28,1,90),
	(426,28,1,83),
	(417,28,1,90),
	(425,28,1,90),
	(434,28,90,90),
	(418,28,83,90),
	(278,29,1,90),
	(254,29,1,90),
	(253,29,1,74),
	(252,29,1,90),
	(272,29,1,90),
	(263,29,1,90),
	(262,29,1,90),
	(276,29,1,90),
	(259,29,1,90),
	(265,29,1,9),
	(273,29,1,26),
	(261,29,26,90),
	(260,29,74,90),
	(275,29,9,90),
	(143,29,1,90),
	(171,29,1,90),
	(149,29,1,90),
	(147,29,1,90),
	(145,29,1,90),
	(154,29,1,90),
	(160,29,1,77),
	(153,29,1,66),
	(151,29,1,77),
	(152,29,1,90),
	(159,29,1,90),
	(155,29,77,90),
	(165,29,66,90),
	(158,29,77,90),
	(44,30,1,90),
	(48,30,1,90),
	(49,30,1,90),
	(50,30,1,90),
	(61,30,1,90),
	(47,30,1,90),
	(55,30,1,65),
	(51,30,1,90),
	(57,30,1,57),
	(58,30,1,90),
	(46,30,1,90),
	(52,30,71,90),
	(53,30,65,90),
	(56,30,70,90),
	(99,30,1,90),
	(101,30,1,90),
	(100,30,1,80),
	(108,30,1,90),
	(103,30,1,90),
	(107,30,1,90),
	(106,30,1,90),
	(111,30,1,90),
	(109,30,1,90),
	(104,30,1,89),
	(110,30,1,73),
	(105,30,80,90),
	(112,30,89,90),
	(113,30,73,90),
	(767,31,1,90),
	(774,31,1,90),
	(769,31,1,76),
	(776,31,1,90),
	(773,31,1,90),
	(784,31,1,35),
	(777,31,1,90),
	(783,31,1,90),
	(779,31,1,57),
	(786,31,1,90),
	(788,31,1,90),
	(780,31,57,90),
	(782,31,76,90),
	(790,31,35,90),
	(901,31,1,90),
	(907,31,1,90),
	(908,31,1,71),
	(904,31,1,90),
	(905,31,1,90),
	(913,31,1,68),
	(917,31,1,90),
	(918,31,1,74),
	(915,31,1,41),
	(926,31,1,90),
	(923,31,1,90),
	(910,31,74,90),
	(914,31,68,90),
	(912,31,41,90),
	(846,32,1,90),
	(855,32,1,90),
	(854,32,1,90),
	(848,32,1,90),
	(849,32,1,90),
	(860,32,1,90),
	(862,32,1,90),
	(858,32,1,73),
	(870,32,1,82),
	(868,32,1,89),
	(865,32,1,90),
	(864,32,73,90),
	(871,32,89,90),
	(867,32,82,90),
	(518,32,1,90),
	(522,32,1,90),
	(524,32,1,90),
	(519,32,1,90),
	(525,32,1,90),
	(531,32,1,90),
	(533,32,1,61),
	(528,32,1,73),
	(526,32,1,90),
	(538,32,1,67),
	(535,32,1,90),
	(527,32,73,90),
	(537,32,61,90),
	(536,32,67,90),
	(793,33,1,90),
	(802,33,1,90),
	(803,33,1,90),
	(797,33,1,90),
	(800,33,1,90),
	(808,33,1,90),
	(814,33,1,77),
	(811,33,1,90),
	(806,33,1,87),
	(818,33,1,64),
	(815,33,1,90),
	(798,33,87,90),
	(812,33,77,90),
	(804,33,64,90),
	(591,33,1,90),
	(598,33,1,90),
	(593,33,1,90),
	(599,33,1,90),
	(597,33,1,90),
	(603,33,1,71),
	(607,33,1,90),
	(606,33,1,90),
	(608,33,1,90),
	(613,33,1,90),
	(612,33,1,81),
	(596,33,71,90),
	(604,33,90,90),
	(609,33,81,90),
	(718,34,1,90),
	(723,34,1,90),
	(724,34,1,90),
	(722,34,1,90),
	(725,34,1,90),
	(734,34,1,90),
	(733,34,1,90),
	(731,34,1,90),
	(735,34,1,80),
	(737,34,1,71),
	(741,34,1,90),
	(738,34,80,90),
	(736,34,71,90),
	(641,34,1,90),
	(644,34,1,90),
	(650,34,1,90),
	(649,34,1,90),
	(645,34,1,90),
	(653,34,1,90),
	(655,34,1,76),
	(660,34,1,90),
	(659,34,1,86),
	(661,34,1,67),
	(663,34,1,90),
	(657,34,67,90),
	(652,34,86,90),
	(662,34,76,90),
	(688,35,1,90),
	(697,35,1,90),
	(700,35,1,75),
	(695,35,1,65),
	(694,35,1,90),
	(701,35,1,90),
	(706,35,1,90),
	(703,35,1,90),
	(702,35,1,69),
	(710,35,1,90),
	(715,35,1,90),
	(705,35,65,90),
	(704,35,75,90),
	(714,35,69,90),
	(620,35,1,90),
	(621,35,1,90),
	(625,35,1,90),
	(623,35,1,90),
	(636,35,1,87),
	(629,35,1,90),
	(630,35,1,90),
	(628,35,1,75),
	(633,35,1,90),
	(640,35,1,90),
	(637,35,1,61),
	(635,35,87,90),
	(631,35,75,90),
	(639,35,61,90),
	(953,36,1,90),
	(959,36,1,90),
	(957,36,1,90),
	(955,36,1,90),
	(956,36,1,90),
	(965,36,1,79),
	(970,36,1,90),
	(969,36,1,74),
	(963,36,1,90),
	(979,36,1,66),
	(977,36,1,90),
	(966,36,79,90),
	(968,36,74,90),
	(972,36,66,90),
	(820,36,1,90),
	(822,36,1,90),
	(826,36,1,90),
	(830,36,1,90),
	(825,36,1,90),
	(839,36,1,56),
	(836,36,1,90),
	(837,36,1,57),
	(838,36,1,90),
	(835,36,1,90),
	(844,36,1,57),
	(834,36,57,90),
	(842,36,57,90),
	(841,36,56,90),
	(872,37,1,90),
	(883,37,1,90),
	(879,37,1,90),
	(878,37,1,90),
	(884,37,1,90),
	(895,37,1,78),
	(891,37,1,90),
	(893,37,1,90),
	(889,37,1,84),
	(898,37,1,68),
	(899,37,1,90),
	(894,37,68,90),
	(887,37,84,90),
	(888,37,78,90),
	(491,37,1,90),
	(493,37,1,90),
	(497,37,1,90),
	(498,37,1,90),
	(509,37,1,73),
	(510,37,1,90),
	(505,37,1,90),
	(499,37,1,86),
	(511,37,1,90),
	(513,37,1,90),
	(512,37,1,90),
	(504,37,86,90),
	(500,37,73,90),
	(466,38,1,90),
	(469,38,1,90),
	(473,38,1,90),
	(468,38,1,90),
	(471,38,1,90),
	(478,38,1,62),
	(479,38,1,68),
	(481,38,1,90),
	(483,38,1,90),
	(486,38,1,82),
	(485,38,1,90),
	(480,38,68,90),
	(477,38,62,90),
	(488,38,82,90),
	(742,38,1,90),
	(745,38,1,82),
	(748,38,1,90),
	(747,38,1,90),
	(744,38,1,90),
	(754,38,1,90),
	(759,38,1,68),
	(758,38,1,90),
	(752,38,1,90),
	(753,38,1,90),
	(761,38,1,55),
	(750,38,82,90),
	(757,38,55,90),
	(763,38,68,90),
	(665,39,1,90),
	(668,39,1,90),
	(671,39,1,90),
	(680,39,1,90),
	(677,39,1,90),
	(678,39,1,90),
	(674,39,1,90),
	(687,39,1,90),
	(686,39,1,63),
	(682,39,1,85),
	(685,39,1,90),
	(681,39,85,90),
	(683,39,63,90),
	(540,39,1,90),
	(544,39,1,90),
	(550,39,1,90),
	(542,39,1,90),
	(543,39,1,38),
	(555,39,1,90),
	(553,39,1,90),
	(551,39,1,90),
	(562,39,1,61),
	(561,39,1,71),
	(560,39,1,90),
	(559,39,38,90),
	(557,39,61,90),
	(563,39,71,90),
	(566,40,1,90),
	(567,40,1,90),
	(574,40,1,90),
	(569,40,1,90),
	(570,40,1,90),
	(578,40,1,90),
	(576,40,1,90),
	(582,40,1,90),
	(581,40,1,70),
	(585,40,1,90),
	(584,40,1,85),
	(572,40,90,90),
	(583,40,70,90),
	(577,40,85,90),
	(929,40,1,90),
	(934,40,1,90),
	(935,40,1,90),
	(932,40,1,90),
	(936,40,1,90),
	(941,40,1,90),
	(945,40,1,90),
	(939,40,1,80),
	(942,40,1,80),
	(944,40,1,90),
	(949,40,1,90),
	(950,40,80,90),
	(947,40,80,90),
	(1217,41,1,90),
	(1226,41,1,69),
	(1225,41,1,90),
	(1223,41,1,90),
	(1222,41,1,90),
	(1218,41,1,31),
	(1224,41,1,90),
	(1221,41,1,90),
	(1235,41,1,90),
	(1232,41,1,90),
	(1242,41,1,52),
	(1234,41,69,90),
	(1233,41,31,90),
	(1243,41,52,90),
	(1067,41,1,90),
	(1073,41,1,90),
	(1074,41,1,90),
	(1075,41,1,75),
	(1070,41,1,90),
	(1071,41,1,90),
	(1084,41,1,90),
	(1083,41,1,68),
	(1087,41,1,90),
	(1086,41,1,90),
	(1091,41,1,90),
	(1081,41,81,90),
	(1082,41,68,90);





-- card table
insert into card (player_id, match_id, season_id, card_type, card_min) VALUES
	(20,1,12,'Yellow',29),
	(23,1,12,'Yellow',75),
	(79,1,12,'Yellow',66),
	(80,1,12,'Yellow',41),
	(74,1,12,'Yellow',1),
	(143,2,12,'Yellow',90),
	(154,2,12,'Yellow',52),
	(151,2,12,'Yellow',44),
	(27,2,12,'Yellow',50),
	(25,2,12,'Yellow',57),
	(37,2,12,'Yellow',59),
	(103,3,12,'Yellow',35),
	(101,3,12,'Yellow',43),
	(105,3,12,'Yellow',18),
	(179,3,12,'Yellow',39),
	(184,3,12,'Yellow',67),
	(61,4,12,'Yellow',64),
	(221,5,12,'Yellow',35),
	(210,5,12,'Yellow',18),
	(130,5,12,'Yellow',45),
	(139,5,12,'Yellow',26),
	(134,5,12,'Yellow',90),
	(262,6,12,'Yellow',90),
	(272,6,12,'Yellow',77),
	(307,6,12,'Yellow',90),
	(318,6,12,'Yellow',90),
	(324,6,12,'Yellow',90),
	(89,8,12,'Yellow',88),
	(416,8,12,'Yellow',43),
	(420,8,12,'Yellow',57),
	(417,8,12,'Yellow',85),
	(366,9,12,'Yellow',71),
	(370,9,12,'Yellow',49),
	(394,9,12,'Yellow',45),
	(438,10,12,'Yellow',68),
	(459,10,12,'Yellow',31),
	(345,10,12,'Yellow',40),
	(337,10,12,'Yellow',83),
	(336,10,12,'Yellow',25),
	(355,10,12,'Yellow',27),
	(415,11,12,'Yellow',16),
	(412,11,12,'Yellow',21),
	(420,11,12,'Yellow',56),
	(417,11,12,'Yellow',53),
	(27,11,12,'Yellow',62),
	(30,11,12,'Yellow',76),
	(40,11,12,'Yellow',15),
	(391,12,12,'Yellow',53),
	(272,12,12,'Yellow',57),
	(262,12,12,'Yellow',58),
	(101,13,12,'Yellow',37),
	(111,13,12,'Yellow',67),
	(104,13,12,'Yellow',41),
	(116,13,12,'Yellow',88),
	(120,13,12,'Yellow',54),
	(121,13,12,'Yellow',65),
	(125,13,12,'Yellow',63),
	(355,14,12,'Yellow',33),
	(337,14,12,'Yellow',30),
	(345,14,12,'Yellow',41),
	(341,14,12,'Yellow',48),
	(44,14,12,'Yellow',64),
	(45,14,12,'Yellow',80),
	(58,14,12,'Yellow',66),
	(302,15,12,'Yellow',90),
	(303,15,12,'Yellow',24),
	(178,15,12,'Yellow',25),
	(23,16,12,'Yellow',84),
	(12,16,12,'Yellow',33),
	(12,16,12,'Yellow',68),
	(12,16,12,'Red',68),
	(200,16,12,'Yellow',90),
	(207,16,12,'Yellow',90),
	(216,16,12,'Yellow',67),
	(229,17,12,'Yellow',62),
	(92,17,12,'Yellow',49),
	(93,17,12,'Yellow',72),
	(139,19,12,'Yellow',31),
	(438,19,12,'Yellow',67),
	(445,19,12,'Yellow',54),
	(448,19,12,'Yellow',89),
	(308,20,12,'Yellow',83),
	(319,20,12,'Yellow',76),
	(436,21,12,'Yellow',76),
	(446,21,12,'Yellow',88),
	(448,21,12,'Yellow',12),
	(459,21,12,'Yellow',72),
	(324,21,12,'Yellow',90),
	(37,22,12,'Yellow',88),
	(297,22,12,'Yellow',89),
	(286,22,12,'Yellow',52),
	(291,22,12,'Yellow',20),
	(129,23,12,'Yellow',30),
	(135,23,12,'Yellow',15),
	(134,23,12,'Yellow',64),
	(207,24,12,'Yellow',10),
	(227,24,12,'Yellow',78),
	(232,24,12,'Yellow',59),
	(178,25,12,'Yellow',73),
	(182,25,12,'Yellow',3),
	(186,25,12,'Yellow',30),
	(345,25,12,'Yellow',43),
	(345,25,12,'Yellow',59),
	(345,25,12,'Red',59),
	(357,25,12,'Yellow',70),
	(349,25,12,'Yellow',90),
	(9,26,12,'Yellow',80),
	(21,26,12,'Yellow',76),
	(94,27,12,'Yellow',88),
	(385,27,12,'Yellow',80),
	(389,27,12,'Yellow',56),
	(419,28,12,'Yellow',90),
	(418,28,12,'Yellow',87),
	(171,29,12,'Yellow',72),
	(145,29,12,'Yellow',83),
	(154,29,12,'Yellow',90),
	(153,29,12,'Yellow',29),
	(151,29,12,'Yellow',57),
	(48,30,12,'Yellow',69),
	(108,30,12,'Yellow',6),
	(106,30,12,'Yellow',73),
	(769,31,12,'Yellow',48),
	(777,31,12,'Yellow',74),
	(783,31,12,'Yellow',42),
	(786,31,12,'Yellow',90),
	(790,31,12,'Yellow',52),
	(908,31,12,'Yellow',11),
	(908,31,12,'Yellow',71),
	(908,31,12,'Red',71),
	(904,31,12,'Yellow',28),
	(918,31,12,'Yellow',35),
	(915,31,12,'Yellow',40),
	(923,31,12,'Yellow',45),
	(870,32,12,'Yellow',65),
	(864,32,12,'Yellow',80),
	(522,32,12,'Yellow',59),
	(525,32,12,'Yellow',68),
	(527,32,12,'Yellow',90),
	(536,32,12,'Yellow',90),
	(802,33,12,'Yellow',90),
	(803,33,12,'Yellow',17),
	(797,33,12,'Yellow',75),
	(800,33,12,'Yellow',90),
	(814,33,12,'Yellow',65),
	(612,33,12,'Yellow',73),
	(609,33,12,'Yellow',89),
	(724,34,12,'Yellow',24),
	(650,34,12,'Yellow',90),
	(660,34,12,'Yellow',12),
	(659,34,12,'Yellow',79),
	(661,34,12,'Yellow',21),
	(663,34,12,'Yellow',90),
	(695,35,12,'Yellow',22),
	(623,35,12,'Yellow',59),
	(636,35,12,'Yellow',38),
	(836,36,12,'Yellow',72),
	(835,36,12,'Yellow',79),
	(883,37,12,'Yellow',26),
	(878,37,12,'Yellow',50),
	(891,37,12,'Yellow',82),
	(893,37,12,'Yellow',85),
	(493,37,12,'Yellow',90),
	(498,37,12,'Yellow',66),
	(505,37,12,'Yellow',44),
	(511,37,12,'Yellow',83),
	(513,37,12,'Yellow',88),
	(512,37,12,'Yellow',10),
	(468,38,12,'Yellow',41),
	(481,38,12,'Yellow',40),
	(483,38,12,'Yellow',17),
	(745,38,12,'Yellow',61),
	(744,38,12,'Yellow',42),
	(761,38,12,'Yellow',8),
	(750,38,12,'Yellow',90),
	(757,38,12,'Yellow',82),
	(678,39,12,'Yellow',12),
	(555,39,12,'Yellow',45),
	(551,39,12,'Yellow',6),
	(566,40,12,'Yellow',89),
	(567,40,12,'Yellow',86),
	(569,40,12,'Yellow',32),
	(570,40,12,'Yellow',31),
	(585,40,12,'Yellow',76),
	(584,40,12,'Yellow',22),
	(944,40,12,'Yellow',59),
	(1222,41,12,'Yellow',68),
	(1221,41,12,'Yellow',85);



-- goalscore table
insert into goalscore (goal_id, assist_id, match_id, player_id, goal_min, season_id) VALUES
	(1,1,1,74,1,12),
	(2,2,1,65,21,12),
	(3,3,1,70,62,12),
	(4,4,1,78,70,12),
	(5,5,2,160,27,12),
	(6,6,2,38,55,12),
	(7,7,5,212,39,12),
	(8,8,5,210,90,12),
	(9,9,5,137,58,12),
	(10,10,6,318,26,12),
	(11,11,6,318,50,12),
	(12,12,7,125,42,12),
	(13,13,7,122,63,12),
	(14,14,7,117,80,12),
	(15,15,7,229,85,12),
	(16,16,8,98,20,12),
	(17,17,8,88,35,12),
	(18,18,8,414,81,12),
	(19,19,10,438,90,12),
	(20,20,11,37,19,12),
	(21,21,11,37,28,12),
	(22,22,11,39,79,12),
	(23,23,11,39,90,12),
	(24,24,12,254,82,12),
	(25,25,13,104,44,12),
	(26,26,13,125,48,12),
	(27,27,14,339,65,12),
	(28,28,14,58,19,12),
	(29,29,14,58,78,12),
	(30,30,14,56,71,12),
	(31,31,14,56,76,12),
	(32,32,15,303,39,12),
	(33,33,15,289,56,12),
	(34,34,17,232,18,12),
	(35,35,17,232,33,12),
	(36,36,17,92,16,12),
	(37,37,17,83,21,12),
	(38,38,17,97,44,12),
	(39,39,17,93,71,12),
	(40,40,18,70,6,12),
	(41,41,18,75,56,12),
	(42,42,19,137,50,12),
	(43,43,19,135,76,12),
	(44,44,20,316,3,12),
	(45,45,20,316,73,12),
	(46,46,20,324,55,12),
	(47,47,20,368,8,12),
	(48,48,21,447,65,12),
	(49,49,21,323,75,12),
	(50,50,22,37,43,12),
	(51,51,22,297,90,12),
	(52,52,23,70,19,12),
	(53,53,23,70,56,12),
	(54,54,23,79,20,12),
	(55,55,23,75,42,12),
	(56,56,23,74,65,12),
	(57,57,24,212,2,12),
	(58,58,24,215,14,12),
	(59,59,24,213,90,12),
	(60,60,24,238,60,12),
	(61,61,24,242,81,12),
	(62,62,25,179,11,12),
	(63,63,25,357,33,12),
	(64,64,25,339,74,12),
	(65,65,26,374,69,12),
	(66,66,26,23,15,12),
	(67,67,26,21,21,12),
	(68,68,26,21,33,12),
	(69,69,27,98,27,12),
	(70,70,27,98,60,12),
	(71,71,27,88,30,12),
	(72,72,27,92,43,12),
	(73,73,27,93,57,12),
	(74,74,27,94,90,12),
	(75,75,27,406,75,12),
	(76,76,28,121,55,12),
	(77,77,28,417,52,12),
	(78,78,28,426,72,12),
	(79,79,29,261,61,12),
	(80,80,29,254,63,12),
	(81,81,29,159,6,12),
	(82,82,30,58,42,12),
	(83,83,30,110,51,12),
	(84,84,31,786,45,12),
	(85,85,31,788,65,12),
	(86,86,31,790,78,12),
	(87,87,31,923,13,12),
	(88,88,31,926,49,12),
	(89,89,32,870,54,12),
	(90,90,32,868,75,12),
	(91,91,33,613,77,12),
	(92,92,34,733,90,12),
	(93,93,35,697,81,12),
	(94,94,35,640,64,12),
	(95,95,36,963,22,12),
	(96,96,36,969,53,12),
	(97,97,37,884,15,12),
	(98,98,37,511,43,12),
	(99,99,37,513,61,12),
	(100,100,38,485,38,12),
	(101,101,38,485,45,12),
	(102,102,38,486,76,12),
	(103,103,40,574,43,12),
	(104,104,40,584,77,12),
	(105,105,40,945,32,12),
	(106,106,41,1235,55,12),
	(107,107,41,1235,81,12),
	(108,108,41,1091,4,12),
	(109,109,41,1091,23,12),
	(110,110,41,1091,27,12),
	(111,111,41,1091,48,12),
	(112,112,41,1082,76,12);



-- assist table
insert into assist (assist_id, player_id, season_id) VALUES
	(1,70,12),
	(2,70,12),
	(3,72,12),
	(4,70,12),
	(5,159,12),
	(6,32,12),
	(7,208,12),
	(8,200,12),
	(9,135,12),
	(10,260,12),
	(11,260,12),
	(12,120,12),
	(13,120,12),
	(14,122,12),
	(15,230,12),
	(16,88,12),
	(17,89,12),
	(18,422,12),
	(19,447,12),
	(20,33,12),
	(21,33,12),
	(22,34,12),
	(23,39,12),
	(24,254,12),
	(25,109,12),
	(26,120,12),
	(27,344,12),
	(28,57,12),
	(29,54,12),
	(30,58,12),
	(31,58,12),
	(32,300,12),
	(33,300,12),
	(34,230,12),
	(35,230,12),
	(36,93,12),
	(37,88,12),
	(38,88,12),
	(39,98,12),
	(40,78,12),
	(41,70,12),
	(42,139,12),
	(43,134,12),
	(44,318,12),
	(45,318,12),
	(46,324,12),
	(47,365,12),
	(48,444,12),
	(49,308,12),
	(50,32,12),
	(51,300,12),
	(52,80,12),
	(53,75,12),
	(54,70,12),
	(55,70,12),
	(56,78,12),
	(57,203,12),
	(58,207,12),
	(59,215,12),
	(60,242,12),
	(61,238,12),
	(62,193,12),
	(63,339,12),
	(64,342,12),
	(65,365,12),
	(66,10,12),
	(67,18,12),
	(68,18,12),
	(69,88,12),
	(70,88,12),
	(71,98,12),
	(72,93,12),
	(73,89,12),
	(74,93,12),
	(75,394,12),
	(76,120,12),
	(77,422,12),
	(78,415,12),
	(79,272,12),
	(80,272,12),
	(81,152,12),
	(82,51,12),
	(83,104,12),
	(84,788,12),
	(85,790,12),
	(86,767,12),
	(87,926,12),
	(88,908,12),
	(89,868,12),
	(90,858,12),
	(91,606,12),
	(92,735,12),
	(93,715,12),
	(94,630,12),
	(95,969,12),
	(96,957,12),
	(97,895,12),
	(98,512,12),
	(99,512,12),
	(100,483,12),
	(101,483,12),
	(102,483,12),
	(103,584,12),
	(104,582,12),
	(105,941,12),
	(106,1086,12),
	(107,1086,12),
	(108,1086,12),
	(109,1087,12),
	(110,1070,12);






